Instances,feature_num_features,feature_num_classes,feature_num_instances,feature_hdil_max,feature_hdil_stdev,feature_hdil_skewness,feature_infog_class_min,feature_infog_class_max,feature_infog_class_median,feature_infog_class_stdev,feature_infog_class_skewness,feature_infog_feature_min,feature_infog_feature_max,feature_infog_feature_median,feature_infog_feature_stdev,feature_infog_feature_skewness,algo_AMSO,algo_GA,algo_EDA,algo_SFS,algo_PCR,algo_IGFS,algo_REL
prnn_fglass-952.arff,9,6,214,4.4587543,1.2584231,2.4616984,0,0.5661882,0.41235,0.203333,-0.9323356,0,0.5661882,0.41235,0.1928986,-0.7837264,0.6113136,0.6183097,0.6102477,0.61955,0.6102477,0.6046512,0.6102477
emotions-40589.arff,77,2,593,38.2627693,11.757061,2.8879565,0,0.2740917,0.0358175,0.0693638,1.0042463,0,0.2740917,0.0358175,0.0689178,0.9848254,0.5868462,0.5892196,0.5898084,0.5871284,0.5902015,0.5883773,0.5942426
meta-757.arff,21,2,528,10.4742819,2.6929251,2.8487668,0,0.1179215,0.0488101,0.0337352,0.4691728,0,0.1179215,0.0488101,0.0329596,0.4364584,0.6047889,0.610356,0.6048949,0.5981043,0.5981043,0.604706,0.5981043
kc1-top5-1045.arff,94,2,145,46.9749762,10.503924,4.472136,0,0.137444,0,0.0481672,0.6763465,0,0.137444,0,0.0479131,0.6656186,0.599968,0.6021393,0.596156,0.6068966,0.6,0.5997215,0.6
colic-27.arff,22,2,368,10.7603267,3.6875731,2.1574807,0,0.2840101,0.0272486,0.0632814,2.647319,0,0.2840101,0.0272486,0.0618905,2.470953,0.628463,0.6261517,0.6218187,0.6299286,0.6286444,0.6114276,0.6109343
fri_c4_500_100-742.arff,100,2,500,49.9707038,17.952035,2.1242025,0,0.3901473,0,0.0454743,7.3474208,0,0.3901473,0,0.0452487,7.2378328,0.7474709,0.6551367,0.659599,0.7117385,0.7474709,0.7474709,0.7474709
credit-approval-29.arff,15,2,690,7.0260561,2.6489817,1.6803588,0.0004227,0.4257094,0.0494559,0.1113025,2.2005357,0.0004227,0.4257094,0.0494559,0.1077681,1.9873416,0.6176883,0.6180087,0.615405,0.6183036,0.6173913,0.6173913,0.6173913
kc1-binary-1066.arff,94,2,145,46.9499909,16.8950907,2.1241194,0,0.3273674,0.2228146,0.1217697,-0.4450299,0,0.3273674,0.2228146,0.1211271,-0.437971,0.6219289,0.6413131,0.6486418,0.6344828,0.608796,0.606618,0.6037534
autoUniv-au7-500-1554.arff,12,5,500,5.9361443,1.9508735,2.1622949,0,0.0843291,0,0.0268003,1.8877226,0,0.0843291,0,0.0257489,1.6603977,0.6006507,0.6107792,0.6142909,0.6142909,0.5782232,0.592,0.6082232
bridges-1007.arff,12,2,107,5.8364381,2.3600936,1.1966356,0,0.977134,0.1272494,0.2832964,2.0084643,0,0.977134,0.1272494,0.2721824,1.7665994,0.7412606,0.7444293,0.7430604,0.74625,0.7183431,0.6368026,0.7395349
dresses-sales-23381.arff,12,2,500,5.9613993,1.9276451,2.1832068,0,0.0504273,0.0206098,0.016839,0.2500628,0,0.0504273,0.0206098,0.0161784,0.2199496,0.6266122,0.6265302,0.6194128,0.6274128,0.5934128,0.626,0.626
schizo-466.arff,14,2,340,6.955775,2.0884896,2.3608014,0,0.4564102,0,0.1212194,3.6927557,0,0.4564102,0,0.117109,3.3100895,0.6882353,0.6699794,0.6364531,0.6882353,0.6037293,0.6882353,0.5970588
fri_c4_1000_10-751.arff,10,2,1000,4.8774615,1.7127924,1.7506217,0,0.3522649,0,0.1246261,1.8479557,0,0.3522649,0,0.1188263,1.5821652,0.6605767,0.6605767,0.638173,0.6605767,0.6605767,0.6605767,0.6605767
backache-463.arff,32,2,180,15.982105,5.1336823,2.2291796,0,0.0609531,0.003887,0.0174561,1.2581715,0,0.0609531,0.003887,0.0171896,1.2001683,0.615334,0.6136028,0.6146453,0.6055556,0.6072671,0.6046988,0.6102544
TuningSVMs-41977.arff,91,2,156,45.4228437,16.3325107,2.1257331,0,0.9520403,0,0.109802,6.7569942,0,0.9520403,0,0.1092036,6.6463052,0.6578141,0.6730991,0.6878192,0.6774193,0.6346628,0.62492,0.6496681
dataset-autoHorse_fixed-42223.arff,68,186,201,33.9836179,7.598968,4.472136,0,5.6555224,0,1.7745234,1.3650009,0,5.6555224,0,1.7616176,1.3351374,0.6047365,0.6041836,0.5981343,0.6,0.6,0.6042094,0.6
fri_c0_100_50-850.arff,50,2,100,24.9683945,10.0166133,1.3324249,0,0.1582492,0,0.0302205,4.8527384,0,0.1582492,0,0.0299227,4.7087515,0.672863,0.7012664,0.717545,0.66,0.6741509,0.6494654,0.6494654
cleve-40710.arff,13,2,303,6.3815937,2.0009639,2.3612543,0,0.2132507,0.1168338,0.079803,0.0146335,0,0.2132507,0.1168338,0.0769001,0.0130035,0.5908152,0.5898349,0.5847409,0.5910381,0.5655804,0.5683559,0.5781293
fri_c0_500_25-926.arff,25,2,500,12.3087193,4.4267923,1.7344914,0,0.152263,0,0.0410455,2.2580756,0,0.152263,0,0.0402484,2.125372,0.6465482,0.6431333,0.6313629,0.6508022,0.6416497,0.6462942,0.6468022
fri_c1_250_10-935.arff,10,2,250,4.8900458,1.7242451,1.7694189,0,0.3909089,0,0.145199,1.6253468,0,0.3909089,0,0.1384419,1.391574,0.7005767,0.7005767,0.6887606,0.7005767,0.7005767,0.7005767,0.7005767
fri_c4_1000_50-797.arff,50,2,1000,24.9556729,8.687873,2.1348457,0,0.3613427,0,0.0636784,4.7710673,0,0.3613427,0,0.063051,4.6295037,0.7248189,0.6875913,0.6693349,0.7287023,0.7249051,0.7223178,0.7249051
dermatology-1010.arff,34,2,366,16.9710694,4.9542143,2.9068438,0,0.7820964,0.1136512,0.2046457,1.603575,0,0.7820964,0.1136512,0.201701,1.5339349,0.6,0.5969839,0.598336,0.6,0.5964573,0.5964573,0.6
dermatology-35.arff,34,6,366,16.919692,5.9559254,2.1305738,0.0932806,0.8631269,0.4270307,0.2288224,0.0646106,0.0932806,0.8631269,0.4270307,0.2255298,0.0618046,0.5911545,0.5948069,0.594547,0.6035806,0.5698894,0.5552616,0.5689602
fri_c1_1000_50-837.arff,50,2,1000,24.9759771,8.7229193,2.1307055,0,0.3340166,0,0.060348,4.7171463,0,0.3340166,0,0.0597534,4.5771826,0.7373855,0.6851449,0.6555832,0.7253178,0.7379051,0.7379051,0.7379051
flags-285.arff,29,8,194,14.2839558,5.4961421,1.6488953,0,2.3216834,0.1281052,0.4348347,4.147438,0,2.3216834,0.1281052,0.4275261,3.9367817,0.6350995,0.6434711,0.6272567,0.6287829,0.6288097,0.6133983,0.6327885
heart-c-49.arff,13,5,303,6.3032421,1.9222971,2.8884603,0,0.2116278,0.1168338,0.078298,0.0033771,0,0.2116278,0.1168338,0.0754498,0.0030009,0.5948452,0.5985076,0.6019441,0.5948022,0.5891978,0.5891978,0.5925036
thoracic-surgery-1506.arff,16,2,470,7.9250425,2.4256802,2.4202141,0,0.0242842,0.0039236,0.0071583,1.8952736,0,0.0242842,0.0039236,0.0069445,1.7228628,0.6086906,0.6094659,0.6087948,0.6106383,0.6085106,0.5981348,0.5978724
eucalyptus-990.arff,19,2,736,9.394589,3.3543529,1.8986202,0,0.1643837,0.0664077,0.0499598,0.2526192,0,0.1643837,0.0664077,0.0486948,0.2331914,0.6428542,0.6511526,0.6458297,0.6525429,0.6367347,0.6367347,0.6367347
fri_c1_1000_25-917.arff,25,2,1000,12.4653555,4.276435,2.1398401,0,0.3094534,0,0.0828737,3.1472204,0,0.3094534,0,0.0812643,2.9622631,0.7055045,0.7051883,0.66616,0.7132942,0.7056497,0.7056497,0.7056497
pbc-810.arff,18,2,418,8.9195816,3.100752,2.131691,0,0.1485287,0.0210147,0.0397673,1.736557,0,0.1485287,0.0210147,0.0387067,1.595755,0.6429017,0.6631409,0.6471001,0.6718563,0.5884626,0.6095808,0.596543
autos-975.arff,25,2,205,12.3596975,4.826232,1.4451326,0,0.3349123,0.0295371,0.0814738,1.725391,0,0.3349123,0.0295371,0.0798916,1.6239924,0.7175554,0.7253919,0.7113141,0.702439,0.6671739,0.702439,0.681808
robot-failures-lp4-1519.arff,90,3,117,44.8580054,15.3874683,2.1733394,0,0.5979871,0.4036307,0.1161215,-0.6003726,0,0.5979871,0.4036307,0.1154817,-0.5904291,0.8030354,0.7468188,0.6659352,0.8042553,0.7787234,0.5744681,0.7787234
mw1-1071.arff,37,2,403,18.4705934,4.6988278,3.2275645,0,0.0868159,0.0489001,0.0299578,-0.2983431,0,0.0868159,0.0489001,0.0295609,-0.2864232,0.6007383,0.604573,0.6051031,0.6034527,0.5967816,0.5959993,0.6059371
TuningSVMs-41976.arff,81,2,156,40.4351943,14.5714534,2.1248576,0,0.9305861,0,0.1080214,7.6376651,0,0.9305861,0,0.1073608,7.4972071,0.6546935,0.6767271,0.686649,0.6961158,0.6300621,0.632258,0.6498931
usp05-1047.arff,16,11,203,7.8250141,2.9130735,1.4404922,0.1247355,1.8607516,0.7446194,0.5485053,0.280298,0.1247355,1.8607516,0.7446194,0.5321283,0.2547996,0.6364311,0.6306576,0.6157602,0.6376627,0.585549,0.6152708,0.5786863
autoUniv-au7-1100-1552.arff,12,5,1100,5.9032853,1.7470212,2.5861373,0,0.0780187,0.0040059,0.0297128,1.1064435,0,0.0780187,0.0040059,0.0285471,0.9732024,0.6419583,0.640817,0.6178596,0.6419583,0.6418182,0.6418182,0.6360414
lymph-10.arff,18,4,148,8.8728642,3.0590554,2.1535312,0.02912,0.4018839,0.1443421,0.086783,1.4882456,0.02912,0.4018839,0.1443421,0.0844683,1.3675769,0.5922413,0.6002768,0.5960194,0.596543,0.5824601,0.5780494,0.578451
leaf-1482.arff,15,30,340,7.4735219,1.8124348,3.4944432,0,1.9072669,1.1733774,0.5831779,-0.3292314,0,1.9072669,1.1733774,0.5646596,-0.2973345,0.6060529,0.6062909,0.6068372,0.6068372,0.6015546,0.603896,0.603896
fri_c1_500_10-824.arff,10,2,500,4.8784626,1.6399654,1.9342544,0,0.3790104,0,0.1368707,1.8210195,0,0.3790104,0,0.1305011,1.5591032,0.676333,0.6787455,0.6725767,0.6727606,0.6725767,0.6725767,0.6725767
auto_price-745.arff,15,2,159,7.3231009,2.7584399,1.6655028,0,0.6926492,0.6009105,0.2777764,-0.5318863,0,0.6926492,0.6009105,0.2689558,-0.4803556,0.7125641,0.7109837,0.7021589,0.7125,0.7144223,0.6991623,0.6509747
molecular-biology_promoters-956.arff,58,2,106,28.9001968,11.481971,1.629989,0.0008113,0.9052003,0.0212402,0.117153,7.2564713,0.0008113,0.9052003,0.0212402,0.1161559,7.0705924,0.646016,0.6509617,0.6538396,0.6662086,0.5896861,0.6190476,0.5957611
fri_c0_500_50-888.arff,50,2,500,24.869672,9.4105408,1.6735531,0,0.1922456,0,0.0329035,4.434747,0,0.1922456,0,0.0325793,4.3031625,0.6611711,0.6387708,0.6372228,0.6737023,0.6563178,0.6563178,0.6563178
fri_c3_250_25-832.arff,25,2,250,12.4613308,4.4594196,1.8385542,0,0.3912851,0,0.0927952,3.4011396,0,0.3912851,0,0.0909932,3.2012598,0.7056497,0.6967158,0.7068022,0.7056497,0.7056497,0.6868812,0.7056497
fri_c0_250_25-773.arff,25,2,250,12.3276048,4.5130922,1.7305531,0,0.1475908,0,0.0408895,2.1129014,0,0.1475908,0,0.0400955,1.9887294,0.669931,0.6677734,0.6868022,0.68916,0.6588022,0.6588022,0.6402942
fri_c1_100_25-812.arff,25,2,100,12.3799631,4.7794331,1.6465872,0,0.4320582,0,0.1120827,3.3287852,0,0.4320582,0,0.1099061,3.1331576,0.6691735,0.666319,0.6647625,0.6876497,0.6376497,0.6688812,0.6688812
water-treatment-940.arff,38,2,527,18.970336,5.243174,2.9763342,0,0.6143331,0.0647682,0.1931456,1.0008534,0,0.6143331,0.0647682,0.1906533,0.9619042,0.6112115,0.6100093,0.60747,0.6113744,0.5867299,0.6113744,0.610661
heart-h-963.arff,13,2,294,6.4901907,1.602957,3.3788184,0,0.2539335,0.0173722,0.1009821,1.2704723,0,0.2539335,0.0173722,0.0973088,1.1289562,0.6,0.6,0.6,0.6,0.6,0.6,0.6
fri_c1_100_50-876.arff,50,2,100,24.9274616,9.9098319,1.630966,0,0.1871858,0,0.0264721,7.0710678,0,0.1871858,0,0.0262113,6.8612603,0.6892958,0.7149122,0.7013034,0.7494654,0.6662032,0.6777023,0.66
fri_c2_500_50-920.arff,50,2,500,24.9389883,8.8671073,2.1257245,0,0.4633183,0,0.0848273,4.8139646,0,0.4633183,0,0.0839915,4.6711282,0.7294654,0.6913161,0.663545,0.7309051,0.7294654,0.7294654,0.7294654
fri_c2_1000_25-903.arff,25,2,1000,12.3250686,4.264719,2.148849,0,0.4093973,0,0.1117126,3.2646119,0,0.4093973,0,0.1095433,3.0727556,0.6822942,0.6819692,0.6758022,0.6822942,0.6822942,0.6822942,0.6822942
mc2-1054.arff,39,2,161,19.3197639,6.3300896,2.1162694,0,0.167508,0.079813,0.046602,0.0692169,0,0.167508,0.079813,0.0460158,0.0665914,0.6655708,0.673736,0.6631207,0.68125,0.6493059,0.6555559,0.64375
rmftsa_ladata-717.arff,10,2,508,4.9391298,1.4890824,2.3264855,0,0.5607031,0.1207048,0.1786577,1.2198674,0,0.5607031,0.1207048,0.1703434,1.0444145,0.6043814,0.6059351,0.6063697,0.6046423,0.5980296,0.5980296,0.600966
hungarian-858.arff,13,2,294,6.446703,1.6699267,3.1535246,0,0.2539335,0.0173722,0.1009821,1.2704723,0,0.2539335,0.0173722,0.0973088,1.1289562,0.6,0.6,0.6,0.6,0.6,0.6,0.6
fri_c0_1000_25-849.arff,25,2,1000,12.2163332,4.6293459,1.6637138,0,0.1574001,0,0.0426646,2.5233798,0,0.1574001,0,0.0418361,2.3750846,0.6601845,0.6529333,0.6473525,0.6566497,0.6566497,0.6618022,0.6618022
vowel-1016.arff,13,2,990,6.458828,1.9056434,2.7117059,0,0.268078,0.0445725,0.0728584,2.1167688,0,0.268078,0.0445725,0.0702081,1.880985,0.6067406,0.60865,0.6089437,0.6089437,0.6050505,0.6050505,0.6038931
fri_c4_500_50-805.arff,50,2,500,24.9671579,8.8754641,2.1276739,0,0.2708126,0,0.0537409,4.4677025,0,0.2708126,0,0.0532114,4.3351401,0.7399326,0.6764084,0.6579772,0.7463178,0.6330572,0.7323178,0.7409051
kc3-1065.arff,39,2,458,19.4731023,4.3543181,4.472136,0,0.0972163,0.0688152,0.0249537,-0.9001463,0,0.0972163,0.0688152,0.0246398,-0.8660029,0.6088874,0.6107772,0.6127413,0.613869,0.6065574,0.5978142,0.6043716
fri_c3_1000_25-715.arff,25,2,1000,12.3386348,4.2590094,1.9328033,0,0.3547609,0,0.089362,3.1290502,0,0.3547609,0,0.0876266,2.9451607,0.7355593,0.7338199,0.72416,0.7388022,0.7356497,0.7356497,0.7388022
autoUniv-au1-1000-1547.arff,20,2,1000,9.9719127,3.054027,2.2569562,0,0.0147018,0,0.0057764,1.5214252,0,0.0147018,0,0.0056372,1.410148,0.6264089,0.6303765,0.615,0.615,0.6180691,0.615,0.615
anneal-989.arff,38,2,898,18.9021391,5.7432434,2.8889721,0,0.2121274,0,0.0425336,3.5483724,0,0.2121274,0,0.0419847,3.4102839,0.600707,0.6069004,0.6128869,0.6162183,0.591242,0.5983427,0.5950597
MegaWatt1-1442.arff,37,2,253,18.4744154,5.2486084,2.9339077,0,0.0996842,0.0565576,0.0351229,-0.186517,0,0.0996842,0.0565576,0.0346577,-0.1790649,0.6062586,0.607748,0.6056062,0.6064045,0.5984837,0.5920792,0.5953057
Touch2-42544.arff,10,8,265,4.9810538,1.3132382,3.092727,0,0.9843823,0.4911743,0.349444,-0.0897035,0,0.9843823,0.4911743,0.3331818,-0.0768015,0.5951441,0.60095,0.5967606,0.6001239,0.5773585,0.5774823,0.5816662
fri_c4_250_10-863.arff,10,2,250,4.8681133,1.6576314,1.8213309,0,0.2469046,0,0.1005285,1.4219206,0,0.2469046,0,0.0958502,1.2174064,0.6425626,0.646869,0.643173,0.6485767,0.6365767,0.6365767,0.643173
boston_corrected-825.arff,20,2,506,9.8191457,4.019864,1.0985386,0.0000321,0.5634028,0.2488164,0.1436197,0.1410921,0.0000321,0.5634028,0.2488164,0.1401585,0.1307726,0.6021783,0.6070118,0.6105467,0.6045091,0.5920811,0.6009899,0.5970398
bridges-327.arff,12,6,105,5.9593399,1.9663331,2.1802543,0,2.3176028,0.3626326,0.6759938,1.867465,0,2.3176028,0.3626326,0.6494738,1.6425796,0.6274637,0.6427206,0.6323184,0.6095238,0.6095238,0.6095238,0.6095238
kc2-1063.arff,21,2,522,10.4764707,2.938901,2.5332795,0.055951,0.2414612,0.1938364,0.0392938,-1.839067,0.055951,0.2414612,0.1938364,0.0383904,-1.710833,0.6133971,0.613487,0.6124051,0.6158691,0.602472,0.6030706,0.6133971
fri_c2_100_10-762.arff,10,2,100,4.9844401,1.7447673,1.8155788,0,0.3966081,0,0.1444159,1.9501749,0,0.3966081,0,0.1376952,1.6696822,0.6467606,0.667063,0.637173,0.6667606,0.6467606,0.6467606,0.6467606
cylinder-bands-6332.arff,39,2,540,19.4609489,6.7786113,2.136987,0,0.8356993,0.0168292,0.1781502,3.9351741,0,0.8356993,0.0168292,0.1759093,3.7859093,0.6472163,0.6615177,0.6463002,0.6839895,0.6133182,0.630831,0.6126484
vehicle-994.arff,18,2,846,8.9450189,2.6302351,2.9017997,0.0130644,0.2809468,0.1092041,0.0910679,0.4056355,0.0130644,0.2809468,0.1092041,0.088639,0.3727461,0.5936445,0.5945383,0.595157,0.595157,0.5597751,0.5777834,0.5777834
autoHorse-840.arff,25,2,205,12.4278321,4.7349771,1.6609563,0,0.5725018,0.2003176,0.2010107,0.2979577,0,0.5725018,0.2003176,0.1971072,0.2804472,0.6407139,0.6515761,0.6505876,0.6645869,0.5951219,0.6191925,0.6338266
solar-flare-40686.arff,12,5,315,5.9245637,2.1407549,1.500677,0.0161514,0.8730735,0.0584631,0.3151335,1.8700148,0.0161514,0.8730735,0.0584631,0.3027705,1.6448224,0.6128616,0.6211063,0.6156877,0.6227946,0.5998147,0.603762,0.603762
fri_c1_1000_10-910.arff,10,2,1000,4.9021007,1.6492142,1.8375026,0,0.336941,0.0073498,0.1320875,1.7217343,0,0.336941,0.0073498,0.1259405,1.4740981,0.6575767,0.65741,0.6575767,0.6575767,0.6575767,0.6575767,0.6575767
fri_c0_100_10-808.arff,10,2,100,4.9551247,1.7877332,1.6092497,0,0.1200206,0,0.0489865,1.7851087,0,0.1200206,0,0.0467068,1.5283574,0.6705498,0.6699938,0.6725767,0.5967606,0.6525767,0.6101938,0.6525767
mu284-880.arff,10,2,284,4.0138889,1.7522291,0.4775521,0,1,0.0590422,0.3372198,1.9289054,0,1,0.0590422,0.3215265,1.6514719,0.6701754,0.6701754,0.6701754,0.6701754,0.6701754,0.6701754,0.5929824
MiceProtein-40966.arff,81,8,1080,40.2577859,14.1267968,2.1403675,0,2.9930268,0.2176054,0.402546,3.9624107,0,2.9930268,0.2176054,0.4000839,3.8895413,0.6342048,0.6301188,0.6317792,0.6342592,0.6309738,0.6292172,0.6336009
audiology-7.arff,69,24,226,34.3917581,14.4625829,1.2779081,0.0088355,0.9034409,0.0443483,0.2050083,2.2118235,0.0088355,0.9034409,0.0443483,0.2035386,2.1641289,0.6402094,0.6431378,0.6357682,0.6477008,0.6454318,0.6383884,0.6423946
vote-56.arff,16,2,435,7.9092631,2.3198265,2.8898508,0.0000117,0.7078541,0.2067686,0.1817348,1.0017955,0.0000117,0.7078541,0.2067686,0.1763086,0.9106633,0.6095445,0.6095267,0.6096508,0.6098003,0.6091954,0.6091954,0.6098003
fri_c1_100_10-789.arff,10,2,100,4.9302885,1.7097972,1.8049813,0,0.3845102,0,0.127897,2.3736195,0,0.3845102,0,0.121945,2.032223,0.7267606,0.7262878,0.7267606,0.7267606,0.7267606,0.7267606,0.7267606
prnn_fglass-996.arff,9,2,214,4.2862683,1.6033577,1.3541545,0,0.2409753,0.0672194,0.0792497,1.5024081,0,0.2409753,0.0672194,0.0751828,1.2629325,0.7557419,0.7552921,0.7308873,0.7534884,0.591643,0.7116279,0.591643
zoo-965.arff,17,2,101,8.2477523,2.8514103,1.8753769,0.0006368,0.9743197,0.1724277,0.3339315,1.1731344,0.0006368,0.9743197,0.1724277,0.3245231,1.0725507,0.6,0.5992752,0.6,0.6,0.5962942,0.5982802,0.5962942
fri_c3_500_50-937.arff,50,2,500,24.8595198,7.6216092,2.8880326,0,0.3431337,0,0.0577505,4.8587976,0,0.3431337,0,0.0571816,4.714631,0.7629051,0.6982018,0.7044796,0.7629051,0.644381,0.7629051,0.7629051
DiabeticMellitus-41430.arff,97,2,281,48.4088846,17.414986,2.124995,0,0.885679,0,0.0925513,9.0249487,0,0.885679,0,0.0920779,8.8862005,0.7392857,0.6947999,0.6895681,0.7392857,0.7392857,0.7392857,0.7392857
soybean-42.arff,35,19,683,17.4656844,6.4892979,1.6781841,0.0460895,1.1517242,0.361351,0.3029631,0.6007647,0.0460895,1.1517242,0.361351,0.2987256,0.5754097,0.5698653,0.5834641,0.5824349,0.571283,0.5431508,0.5701922,0.5577166
breast-w-15.arff,9,2,699,4.462033,1.1429465,3.1979212,0.1978519,0.6745876,0.5048526,0.1411149,-1.0704193,0.1978519,0.6745876,0.5048526,0.1338733,-0.8998003,0.5962942,0.5956275,0.5962942,0.5948656,0.5905799,0.5899239,0.5870667
pc1-1068.arff,21,2,1109,10.4775427,2.6679261,3.2234225,0,0.0452731,0.0220113,0.0143789,0.0655387,0,0.0452731,0.0220113,0.0140483,0.0609689,0.6053453,0.606006,0.6045045,0.6063063,0.6018018,0.6018018,0.6063063
PizzaCutter3-1444.arff,37,2,1043,18.4835356,4.6970155,3.2324263,0,0.0973067,0.0269965,0.0285635,0.4875636,0,0.0973067,0.0269965,0.0281852,0.4680836,0.6116588,0.6102754,0.6034353,0.61247,0.6105516,0.6105516,0.6105516
fri_c3_250_10-793.arff,10,2,250,4.9205908,1.71782,1.6704136,0,0.4257406,0,0.1600784,1.7836917,0,0.4257406,0,0.1526288,1.5271442,0.6925767,0.6925767,0.6925767,0.6925767,0.6925767,0.6607606,0.6925767
parity5_plus_5-40706.arff,10,2,1124,4.7661838,1.5565605,2.1142621,0,0.0001108,0.0000025,0.0000445,1.5431489,0,0.0001108,0.0000025,0.0000424,1.3211986,0.5902222,0.6526572,0.5902222,0.5902222,0.5902222,0.5902222,0.7775271
solar-flare-40687.arff,12,6,1066,5.8913879,2.1870285,1.6552051,0,1.0757588,0.0895552,0.3433765,2.0291606,0,1.0757588,0.0895552,0.3299055,1.7848033,0.6021077,0.6019335,0.6021077,0.6021077,0.598918,0.6021077,0.6021077
threeOf9-40690.arff,9,2,512,4.4721199,1.4001154,2.2262293,0.0063811,0.0684096,0.0429575,0.0228113,-0.0187801,0.0063811,0.0684096,0.0429575,0.0216407,-0.0157867,0.516188,0.5256013,0.5297407,0.5203723,0.5252141,0.5252141,0.5252141
pharynx-738.arff,11,2,195,5.3860947,1.9504613,1.7107149,0,0.8820129,0.0271904,0.2633236,2.8435936,0,0.8820129,0.0271904,0.2521131,2.4708708,0.6461539,0.646058,0.6461539,0.6461539,0.6461539,0.6432769,0.6461539
lymph-1006.arff,18,2,148,8.894287,3.0932621,2.1375494,0,0.3109691,0.0366084,0.0843887,1.7091373,0,0.3109691,0.0366084,0.082138,1.5705585,0.5963608,0.5999138,0.5892398,0.6012096,0.584829,0.5860674,0.5782755
fri_c0_1000_50-904.arff,50,2,1000,24.8287324,9.2472263,1.7151043,0,0.1623841,0,0.0343615,3.7395741,0,0.1623841,0,0.034023,3.6286163,0.6917771,0.6524298,0.6426589,0.6957023,0.6839051,0.6893178,0.6893178
fri_c0_250_10-763.arff,10,2,250,4.799426,1.6712762,1.8140785,0,0.1974268,0,0.0777132,1.4611698,0,0.1974268,0,0.0740967,1.2510104,0.6226559,0.6273768,0.6165767,0.6167606,0.6281938,0.6127606,0.623173
fri_c4_250_100-834.arff,100,2,250,49.954188,18.1400334,2.1233289,0,0.4040224,0,0.0530359,6.7751634,0,0.4040224,0,0.0527727,6.6741107,0.7044284,0.6567375,0.6786097,0.7117385,0.6786297,0.7077385,0.7074709
triazines-788.arff,60,2,186,29.9633934,10.6869365,2.1251011,0,0.121855,0,0.0315245,1.6151572,0,0.121855,0,0.031265,1.5751509,0.6788169,0.6739635,0.6706201,0.6954201,0.6127257,0.6251498,0.6192275
autoUniv-au6-750-1549.arff,40,8,750,19.9663569,5.873193,2.901563,0,0.0101529,0,0.0019595,4.1753624,0,0.0101529,0,0.0019355,4.0208968,0.6305178,0.619499,0.6152766,0.6339909,0.6023736,0.624,0.6079587
fri_c2_100_25-775.arff,25,2,100,12.4229618,5.0554704,1.2989674,0,0.3759747,0,0.102569,3.29898,0,0.3759747,0,0.1005772,3.105104,0.7224355,0.7177697,0.687173,0.72,0.7276497,0.7088812,0.7276497
sa-heart-1498.arff,9,2,462,4.4281291,1.3155414,2.6791607,0,0.1200494,0.0374735,0.0420651,0.8990979,0,0.1200494,0.0374735,0.0399064,0.7557866,0.6086497,0.605454,0.6086497,0.6,0.5935135,0.5935135,0.5935135
wine-973.arff,13,2,178,6.2840869,2.5468511,0.9680032,0,0.6703987,0.1648586,0.2180537,0.845118,0,0.6703987,0.1648586,0.2101218,0.7509816,0.854112,0.8548015,0.8483233,0.8568046,0.7525487,0.6877905,0.7525487
fri_c3_100_50-716.arff,50,2,100,24.9664771,9.9955748,1.341612,0,0.4284889,0,0.066264,5.5027682,0,0.4284889,0,0.0656112,5.3394941,0.7465723,0.6949084,0.7039772,0.7494654,0.6783178,0.7494654,0.7494654
climate-model-simulation-crashes-1467.arff,20,2,540,9.9775024,2.5602901,3.1905382,0,0.0816671,0,0.0260423,2.282076,0,0.0816671,0,0.0254147,2.1151647,0.5992921,0.6018162,0.5969525,0.6018519,0.594921,0.5874573,0.5913969
fri_c2_250_50-877.arff,50,2,250,24.9519761,8.9304661,2.1247916,0,0.4273215,0,0.077264,4.9229381,0,0.4273215,0,0.0765027,4.7768683,0.709523,0.676967,0.6599772,0.7114654,0.7034654,0.7034654,0.7034654
glass-1005.arff,9,2,214,4.4670408,1.4578395,2.2280919,0,0.2409753,0.0672194,0.0792497,1.5024081,0,0.2409753,0.0672194,0.0751828,1.2629325,0.6132935,0.6220371,0.6102477,0.6239106,0.5828606,0.6085328,0.6146083
fri_c2_250_25-794.arff,25,2,250,12.4237493,4.5144404,1.6600677,0,0.4670314,0,0.1119863,3.3968921,0,0.4670314,0,0.1098116,3.197262,0.7067164,0.7077675,0.6948022,0.7242942,0.6962942,0.6922942,0.70116
fri_c4_250_50-918.arff,50,2,250,24.9568514,8.9528691,2.1249854,0,0.3405203,0,0.0642647,4.2996232,0,0.3405203,0,0.0636315,4.1720479,0.7429051,0.6966726,0.6732228,0.7497023,0.7469051,0.7389051,0.728
tokyo1-40705.arff,44,2,959,21.9735309,4.9134309,4.472136,0,0.6612827,0.3164484,0.1963184,0.1131064,0,0.6612827,0.3164484,0.1941249,0.1092981,0.6013873,0.6040007,0.6035886,0.598744,0.6043137,0.5983803,0.5970305
PizzaCutter1-1443.arff,37,2,661,18.4737192,4.1308492,4.472136,0,0.0914586,0.0275248,0.0269497,0.5169215,0,0.0914586,0.0275248,0.0265927,0.4962686,0.6167583,0.6143266,0.6119121,0.6174479,0.6166667,0.6079339,0.6106061
fri_c3_250_50-873.arff,50,2,250,24.9604847,8.9895002,2.1239817,0,0.3523871,0,0.0661527,4.6342599,0,0.3523871,0,0.0655009,4.4967556,0.7400493,0.6839043,0.679545,0.7423178,0.6326268,0.7269051,0.7269051
fri_c0_500_10-943.arff,10,2,500,4.9507803,1.6168634,1.9785418,0,0.1383668,0,0.0626476,1.0806028,0,0.1383668,0,0.0597321,0.9251802,0.6108748,0.6159896,0.6161938,0.6161938,0.611173,0.615173,0.615173
fri_c0_250_50-732.arff,50,2,250,24.8553199,9.4141156,1.6878172,0,0.1474185,0,0.0281287,4.1768162,0,0.1474185,0,0.0278516,4.0528848,0.6552092,0.6484881,0.6533034,0.6817023,0.6469051,0.6354654,0.6469051
ar4-1061.arff,29,2,107,14.4749018,4.9782086,2.1361357,0,0.2721521,0.1448515,0.07932,-0.4281369,0,0.2721521,0.1448515,0.0779868,-0.406391,0.6305883,0.6334094,0.6268682,0.6269546,0.6186046,0.6115169,0.6186046
heart-h-1565.arff,13,5,294,6.4605394,1.9186188,2.4544248,0,0.2855763,0,0.1195334,0.7975466,0,0.2855763,0,0.1151852,0.708709,0.6050361,0.6106753,0.6184711,0.6184711,0.5948022,0.5973424,0.5973424
credit-g-31.arff,20,2,1000,9.8849404,2.9865416,2.8900974,0,0.0947388,0.0100765,0.022185,2.5807955,0,0.0947388,0.0100765,0.0216503,2.3920358,0.6002014,0.6019034,0.5991207,0.6051283,0.587,0.5900691,0.5865685
thoracic_surgery-4329.arff,16,2,470,7.9422061,2.4399698,2.3732144,0,0.0242842,0.0039236,0.0071583,1.8952736,0,0.0242842,0.0039236,0.0069445,1.7228628,0.608719,0.6094659,0.6085106,0.6106383,0.6085106,0.5981348,0.5978724
stock-841.arff,9,2,950,4.4753128,1.3113962,2.347137,0.0911666,0.6476425,0.2805076,0.1835353,0.7669621,0.0911666,0.6476425,0.2805076,0.1741168,0.6447126,0.6288653,0.6382917,0.6362942,0.6362942,0.6,0.6,0.6
qsar-biodeg-1494.arff,41,2,1055,20.4741855,5.7439074,2.9512991,0,0.2176014,0.0568005,0.0549338,0.8062305,0,0.2176014,0.0568005,0.0542759,0.7771229,0.6056537,0.6152011,0.6103767,0.6161138,0.5934506,0.5981043,0.5968168
heart-h-51.arff,13,5,294,6.4606401,1.6416497,3.2327579,0,0.2539335,0.0173722,0.1009821,1.2704723,0,0.2539335,0.0173722,0.0973088,1.1289562,0.6,0.6,0.6,0.6,0.6,0.6,0.6
SPECT-336.arff,22,2,267,10.9696346,3.7454871,2.1383322,0.0006337,0.133857,0.01197,0.0370186,1.9054886,0.0006337,0.133857,0.01197,0.0362049,1.7785438,0.632376,0.635785,0.6195654,0.6323572,0.6323572,0.6323572,0.6143639
fri_c4_500_10-855.arff,10,2,500,4.839677,1.6585486,1.8394151,0,0.2850341,0.0122373,0.1041331,1.4630921,0,0.2850341,0.0122373,0.099287,1.2526563,0.6342632,0.639173,0.639173,0.639173,0.6345767,0.6345767,0.6345767
fri_c2_250_10-830.arff,10,2,250,4.8990055,1.6227603,2.1758929,0,0.4580571,0,0.1900794,1.6678026,0,0.4580571,0,0.1812336,1.4279234,0.6524979,0.6592363,0.6485767,0.6605767,0.6447606,0.6447606,0.6447606
calendarDOW-40663.arff,32,5,399,15.9292686,5.5718147,2.1354833,0,0.6490628,0.185729,0.1704995,1.2058527,0,0.6490628,0.185729,0.1678963,1.1502615,0.6278719,0.6399771,0.6444301,0.6541433,0.5741433,0.5794301,0.575
energy-efficiency-1472.arff,9,38,768,4.3751054,1.4146964,2.2865957,0,2.8483886,1.0326037,0.8796857,0.4419752,0,2.8483886,1.0326037,0.8345431,0.3715268,0.6015059,0.6015059,0.6015059,0.6015059,0.5551434,0.6015059,0.5908795
eucalyptus-188.arff,19,5,736,9.461752,3.4106769,1.616456,0,0.6404479,0.2415873,0.1708839,0.5999791,0,0.6404479,0.2415873,0.166557,0.5538375,0.669812,0.72815,0.7123046,0.6733137,0.6394558,0.6394558,0.6394558
lsvt-1484.arff,310,2,126,154.8279155,55.766577,2.1261792,0,0.3516836,0,0.0789735,1.1742316,0,0.3516836,0,0.0788464,1.1685604,0.7001002,0.6953482,0.6957368,0.7197488,0.6702143,0.66231,0.6698241
fri_c3_1000_10-740.arff,10,2,1000,4.8849584,1.6641643,1.87784,0,0.3242625,0,0.119418,1.6219793,0,0.3242625,0,0.1138606,1.3886908,0.6576831,0.659173,0.659173,0.659173,0.6451938,0.6575767,0.6575767
clean1-40665.arff,168,2,476,83.9324886,32.8696873,1.654618,0,0.9877271,0.0581396,0.0908437,7.7190307,0,0.9877271,0.0581396,0.0905745,7.6503457,0.8105263,0.7493664,0.7269845,0.8105263,0.8105263,0.8105263,0.8105263
solar-flare-40702.arff,10,2,1066,4.9516631,1.4455306,2.4748176,0,0.0911985,0.0167631,0.0314001,0.9860338,0,0.0911985,0.0167631,0.0299388,0.8442131,0.6131455,0.6131455,0.6131455,0.6131455,0.6131455,0.6122066,0.6122066
wdbc-1510.arff,30,2,569,14.9613557,3.3454608,4.472136,0,0.6850437,0.263275,0.2386331,0.2405371,0,0.6850437,0.263275,0.2347527,0.2287206,0.600191,0.6028897,0.6006664,0.6033569,0.5958464,0.5928306,0.594092
robot-failures-lp5-1520.arff,90,5,164,44.9814903,13.0931119,2.909101,0,0.8199432,0.3427202,0.1889187,-0.1473396,0,0.8199432,0.3427202,0.1878779,-0.1448993,0.6468531,0.647297,0.6262591,0.6597093,0.6323186,0.6121212,0.61183
fri_c4_500_25-838.arff,25,2,500,12.3581494,4.2867678,1.9649988,0,0.3788679,0,0.0916507,3.2406377,0,0.3788679,0,0.0898709,3.0501904,0.6996497,0.6905276,0.6942942,0.6996497,0.6996497,0.6996497,0.6996497
parkinsons-1488.arff,22,2,195,10.96998,3.5347502,2.202549,0.0648361,0.3745785,0.1691107,0.0762604,1.1170804,0.0648361,0.3745785,0.1691107,0.0745841,1.0426598,0.6194626,0.622718,0.6101717,0.6192252,0.6110569,0.5948718,0.607532
fri_c4_100_100-828.arff,100,2,100,49.9468555,21.5183556,1.2561605,0,0.3652955,0,0.0440749,7.3262042,0,0.3652955,0,0.0438562,7.2169326,0.7205039,0.7139726,0.7401938,0.7597385,0.68,0.7042232,0.68
heart-statlog-53.arff,13,2,270,6.4703347,2.1143887,2.1677788,0,0.2030302,0.1099167,0.0722601,0.0659822,0,0.2030302,0.1099167,0.0696315,0.0586325,0.6280628,0.6293458,0.6281355,0.6281355,0.6281355,0.6281355,0.6061673
fri_c2_1000_50-866.arff,50,2,1000,24.9576142,8.7360582,2.131698,0,0.4485162,0,0.0772796,4.9717158,0,0.4485162,0,0.0765183,4.8241987,0.71286,0.6807922,0.6619295,0.7119051,0.7133178,0.7133178,0.7133178
fri_c3_500_25-896.arff,25,2,500,12.2786966,4.243596,1.8674449,0,0.3197641,0,0.0877546,3.1587084,0,0.3197641,0,0.0860504,2.973076,0.6876497,0.6770346,0.6573525,0.6876497,0.6876497,0.6876497,0.6876497
ar6-1064.arff,29,2,101,14.3088634,5.5019702,1.6503054,0,0.0950202,0,0.0326699,1.9513095,0,0.0950202,0,0.0321208,1.8521988,0.7,0.7045191,0.6996589,0.7,0.68,0.6429123,0.6668911
primary-tumor-171.arff,17,22,339,8.3815335,2.5563547,2.8884495,0.0203669,0.3214042,0.1701481,0.0902171,0.0964789,0.0203669,0.3214042,0.1701481,0.0876753,0.0882069,0.5866107,0.5953968,0.5965272,0.5940008,0.5677059,0.575939,0.5806842
fri_c4_250_25-933.arff,25,2,250,12.3984137,4.5675625,1.7152256,0,0.403416,0,0.0960719,3.2007377,0,0.403416,0,0.0942062,3.0126352,0.7156341,0.71142,0.7122942,0.7282942,0.7082942,0.7096497,0.7096497
MindCave2-1450.arff,39,2,125,19.4370226,6.888486,1.8805682,0,0.1408904,0.0803507,0.0537706,-0.0015271,0,0.1408904,0.0803507,0.0530942,-0.0014692,0.6130252,0.6252232,0.6251586,0.616,0.616,0.616,0.613785
analcatdata_authorship-458.arff,70,4,841,34.9750616,7.8206615,4.472136,0.0220636,0.7966561,0.2292159,0.1704664,1.0515411,0.0220636,0.7966561,0.2292159,0.1692616,1.0291876,0.5983137,0.5957838,0.5951556,0.6004236,0.5976396,0.5950721,0.5939722
plasma_retinol-915.arff,13,2,315,6.4754107,2.0551921,2.2763768,0,0.0383232,0,0.0107239,3.0076943,0,0.0383232,0,0.0103338,2.6726716,0.6401433,0.6419898,0.6360721,0.631746,0.631746,0.6198719,0.6063492
analcatdata_authorship-970.arff,70,2,841,34.8860634,14.6985025,1.263759,0,0.4702971,0.0591551,0.1182324,1.5060857,0,0.4702971,0.0591551,0.1173968,1.4740697,0.7463713,0.7427581,0.7538396,0.7610777,0.6877743,0.6306404,0.6418381
ar1-1059.arff,29,2,121,14.3532716,4.9984348,2.1420641,0,0.0721776,0,0.0264866,1.855976,0,0.0721776,0,0.0260414,1.7617074,0.625,0.6251825,0.625,0.625,0.625,0.625,0.625
PieChart3-1453.arff,37,2,1077,18.4848754,5.1390289,2.9659027,0,0.0983488,0.0277057,0.0289269,0.4160677,0,0.0983488,0.0277057,0.0285438,0.3994443,0.6072259,0.6075922,0.5990732,0.6092808,0.6064965,0.6064965,0.6083527
bridges-328.arff,12,6,105,5.9339493,1.6327074,2.9848942,0.0955776,2.3176028,0.3626326,0.6621009,2.0082583,0.0955776,2.3176028,0.3626326,0.636126,1.7664182,0.5933745,0.6044183,0.5974128,0.5904762,0.5904762,0.5904762,0.5904762
autos-9.arff,25,7,205,12.4631221,4.3548176,2.0657448,0,1.1895624,0.2688957,0.3105035,1.3215877,0,1.1895624,0.2688957,0.3044737,1.2439201,0.6947012,0.6942347,0.6840354,0.7000887,0.6419405,0.6671739,0.6610643
fri_c0_100_25-889.arff,25,2,100,12.4095789,4.9066407,1.2846767,0,0.1676317,0,0.0421363,3.3713606,0,0.1676317,0,0.0413181,3.1732309,0.6580786,0.6602354,0.6547625,0.6588812,0.6591891,0.6491891,0.6462942
cleveland-786.arff,13,2,303,6.3055706,1.9269907,2.8882511,0,0.2064683,0.1124219,0.0770339,0.0261518,0,0.2064683,0.1124219,0.0742317,0.0232388,0.5941058,0.5993865,0.6003961,0.5948022,0.5891978,0.5891978,0.5925036
fri_c4_100_10-878.arff,10,2,100,4.8421875,1.8067285,1.5525165,0,0.3657657,0,0.117259,2.7136265,0,0.3657657,0,0.1118021,2.3233269,0.66091,0.6762878,0.667173,0.6767606,0.6167606,0.5911798,0.6725767
fri_c4_1000_25-723.arff,25,2,1000,12.4259458,4.2785999,1.9570301,0,0.2846579,0,0.075676,3.021099,0,0.2846579,0,0.0742064,2.8435537,0.7241846,0.7211168,0.7242942,0.7258022,0.7226497,0.7242942,0.7242942
fri_c1_250_25-746.arff,25,2,250,12.3546171,4.3808989,1.767809,0,0.3513711,0,0.0895644,3.1849124,0,0.3513711,0,0.0878251,2.99774,0.7042942,0.6928854,0.6776497,0.7042942,0.656,0.6696497,0.6776497
soybean-1023.arff,35,2,683,17.4332928,5.1933944,2.8948244,0.0001022,0.1301431,0.0262132,0.0349417,1.2560112,0.0001022,0.1301431,0.0262132,0.034453,1.2030018,0.5975953,0.5984929,0.6035175,0.6048229,0.5812431,0.5847769,0.5862763
autoUniv-au7-700-1553.arff,12,3,700,5.9713028,1.8797143,2.233913,0,0.186299,0.0004561,0.0533056,3.2680812,0,0.186299,0.0004561,0.0512143,2.8745296,0.6531271,0.6589851,0.6585089,0.6599375,0.6328571,0.6328571,0.6474338
arrhythmia-1017.arff,279,2,452,139.4727867,50.0817168,2.1249577,0,0.1177981,0.0050022,0.0277438,1.2579224,0,0.1177981,0.0050022,0.0276942,1.2511734,0.673631,0.638431,0.6321674,0.6854267,0.6389108,0.6326835,0.659389
anneal-2.arff,38,6,898,18.8900714,5.7484243,2.8887379,0,0.4232936,0,0.0929075,2.7721444,0,0.4232936,0,0.0917087,2.6642636,0.5927142,0.6030108,0.6048931,0.6084301,0.591242,0.5879458,0.5959794
collins-987.arff,23,2,500,10.9262222,4.2284709,1.4125662,0,0.6343096,0.0582462,0.2074173,2.1641028,0,0.6343096,0.0582462,0.2030502,2.0260777,0.602,0.6012827,0.602,0.602,0.5739747,0.5943599,0.602
fri_c1_500_25-779.arff,25,2,500,12.3468415,4.5621377,1.6850707,0,0.275741,0,0.0784203,2.9129689,0,0.275741,0,0.0768974,2.7417781,0.6756497,0.6710544,0.6433525,0.6756497,0.6756497,0.6756497,0.6756497
bodyfat-778.arff,14,2,252,6.5686633,2.4792579,1.497581,0,0.9998182,0.1709781,0.2608962,2.2831076,0,0.9998182,0.1709781,0.2520496,2.0465179,0.6277228,0.627651,0.6277228,0.6277228,0.6277228,0.6277228,0.6277228
tecator-851.arff,124,2,240,61.956867,19.7941325,2.3659856,0,0.6420772,0.0552602,0.0808255,5.3567471,0,0.6420772,0.0552602,0.0805015,5.2922451,0.6195529,0.6136833,0.6139,0.624136,0.6111792,0.6177719,0.614126
autoUniv-au6-1000-1555.arff,40,8,1000,19.9811329,5.1579183,3.1667539,0,0.100455,0,0.0158886,6.2371943,0,0.100455,0,0.0156937,6.0064522,0.637302,0.6192846,0.6158391,0.638,0.606,0.6133242,0.6263242
chatfield_4-820.arff,12,2,235,5.9618406,1.9117697,2.1907837,0,0.7022796,0.4322074,0.1688516,-1.3338022,0,0.7022796,0.4322074,0.1622273,-1.173182,0.6435939,0.6427046,0.6442213,0.6442213,0.6135088,0.6186894,0.6186894
colic-25.arff,27,2,368,13.4613815,4.8095908,1.8122189,0,0.8688608,0.0064588,0.1698777,4.6033027,0,0.8688608,0.0064588,0.1668166,4.3524724,0.6420881,0.6645686,0.640246,0.6713163,0.6044133,0.6223367,0.6435986
fri_c2_500_25-879.arff,25,2,500,12.4188235,4.2306753,2.1612219,0,0.3812837,0,0.1038857,3.2734802,0,0.3812837,0,0.1018683,3.0811028,0.6908812,0.6890657,0.6916497,0.6942942,0.6908812,0.6908812,0.6908812
CostaMadre1-1446.arff,37,2,296,18.4646051,5.5599878,2.8909719,0,0.0821464,0,0.0264242,0.8567012,0,0.0821464,0,0.0260742,0.8224729,0.6015477,0.6095557,0.6109018,0.6128254,0.5966102,0.5966102,0.6
tic-tac-toe-50.arff,9,2,958,4.4734689,1.1498144,3.1838203,0.0070051,0.0871867,0.0135567,0.0258437,2.9075028,0.0070051,0.0871867,0.0135567,0.0245175,2.4440627,0.6,0.6,0.6,0.6,0.6,0.6,0.6
climate-model-simulation-crashes-40994.arff,20,2,540,9.9914052,2.4980377,3.3113538,0,0.0816671,0,0.0251727,2.2568704,0,0.0816671,0,0.0245661,2.0918026,0.6084352,0.6041387,0.6129669,0.6037037,0.6062395,0.5985685,0.6041803
colleges_aaup-897.arff,16,2,1161,7.9388218,2.493095,2.0890112,0,0.8809748,0.2325859,0.2677599,0.9027387,0,0.8809748,0.2325859,0.2597653,0.8206176,0.617122,0.6155373,0.617122,0.6128117,0.6128117,0.6106624,0.6047081
fri_c1_500_50-766.arff,50,2,500,24.9509055,8.8039779,2.1293439,0,0.3671997,0,0.0630203,5.0238461,0,0.3671997,0,0.0623994,4.8747822,0.7409051,0.6823512,0.6596589,0.7423178,0.7409051,0.7174654,0.7409051
cholesterol-798.arff,13,2,303,6.442555,2.0737393,2.2483493,0,0.0260985,0.000107,0.0080716,1.7405931,0,0.0260985,0.000107,0.007778,1.546711,0.634236,0.6358285,0.6278601,0.6410832,0.6045756,0.6212485,0.6264463
flags-1012.arff,29,2,194,14.4102745,5.0987722,1.9370396,0,0.9390302,0.0157498,0.1732047,4.9340322,0,0.9390302,0.0157498,0.1702935,4.6834233,0.6435943,0.6574245,0.6596151,0.6725954,0.6390393,0.6082969,0.6426345
zoo-62.arff,17,7,101,8.4162463,2.7397605,2.2215274,0.0506688,2.3905597,0.614494,0.5516544,1.9230332,0.0506688,2.3905597,0.614494,0.5361117,1.7581538,0.6010757,0.6094823,0.6113525,0.5940008,0.6047625,0.5762942,0.5913525
breast-cancer-13.arff,9,2,286,4.4661699,1.3049559,2.4474811,0.0020016,0.0770099,0.025819,0.0299425,0.3053034,0.0020016,0.0770099,0.025819,0.0284059,0.2566397,0.6278732,0.6262374,0.6278732,0.6278732,0.59837,0.6035088,0.6103293
MeanWhile1-1449.arff,37,2,253,18.4620286,5.3049425,2.9209536,0,0.0996842,0.0565576,0.0351229,-0.186517,0,0.0996842,0.0565576,0.0346577,-0.1790649,0.6057918,0.6080626,0.6005373,0.6064045,0.5984837,0.5920792,0.5953057
boston-853.arff,13,2,506,6.4219855,2.4252361,1.1419745,0.0054437,0.4661584,0.1556202,0.1212866,1.0322585,0.0054437,0.4661584,0.1556202,0.1168747,0.9172767,0.62241,0.6181311,0.622525,0.6059406,0.6190752,0.6109353,0.6151148
CastMetal1-1447.arff,37,2,327,18.4794356,5.8941134,2.1907638,0,0.0715118,0,0.0237612,0.7150199,0,0.0715118,0,0.0234464,0.6864522,0.615916,0.6212699,0.6273128,0.621374,0.6,0.6152672,0.6190237
PieChart2-1452.arff,36,2,745,17.9744709,4.0192139,4.472136,0,0.0301008,0.0123496,0.0112389,0.2604945,0,0.0301008,0.0123496,0.0110859,0.2498017,0.6026846,0.6024902,0.601929,0.6026846,0.6026846,0.6026846,0.6026846
Australian-40981.arff,14,2,690,6.6091586,2.2880513,2.1470752,0.0001392,0.4257094,0.045644,0.1145926,2.0975455,0.0001392,0.4257094,0.045644,0.1107069,1.8801849,0.5941166,0.5994088,0.602523,0.602523,0.5927536,0.5927536,0.5927536
ilpd-1480.arff,10,2,583,4.9823089,1.473022,2.3671205,0,0.1027855,0.0471815,0.0380521,0.1051557,0,0.1027855,0.0471815,0.0362812,0.0900312,0.626388,0.6275066,0.6240343,0.6274678,0.6240343,0.6154506,0.6156447
synthetic_control-377.arff,61,6,600,30.4697841,6.8132508,4.472136,0,2.5849625,0.8582813,0.4055031,0.9131896,0,2.5849625,0.8582813,0.4022196,0.8909382,0.5993244,0.5984855,0.5965758,0.5995653,0.5943405,0.5971231,0.5965758
hepatitis-55.arff,19,2,155,9.4728315,3.201253,2.1436714,0,0.182457,0.059379,0.0519777,0.7261212,0,0.182457,0.059379,0.0506616,0.6702787,0.6473895,0.6473417,0.6452375,0.643645,0.6335119,0.6065278,0.5870968
molecular-biology_promoters-164.arff,58,4,106,28.9050224,11.4559821,1.6326612,0.0167458,1.9595383,0.0655161,0.2510511,7.3644141,0.0167458,1.9595383,0.0655161,0.2489145,7.1757702,0.664708,0.6726378,0.6719004,0.647161,0.6148088,0.6154165,0.6260845
vowel-307.arff,12,11,990,5.8195311,1.9865528,1.9005644,0,1.0587128,0.1716574,0.3574244,1.5259695,0,1.0587128,0.1716574,0.3434022,1.3422079,0.6140006,0.6310657,0.610493,0.6359481,0.6074514,0.5992737,0.5992737
birds-40588.arff,278,2,645,138.9789447,38.8421041,2.9571891,0,0.0954317,0,0.0128225,3.1507157,0,0.0954317,0,0.0127995,3.1337507,0.6008485,0.5983595,0.5929625,0.6015504,0.6010789,0.6,0.6013641
arrhythmia-5.arff,279,16,452,139.4734583,46.9707142,2.1456195,0,0.3638175,0,0.081053,1.6761445,0,0.3638175,0,0.0809081,1.6671516,0.6567869,0.6275911,0.6243628,0.6897478,0.6448343,0.6507069,0.6316793
ionosphere-59.arff,34,2,351,16.9736425,4.2792495,3.2694418,0,0.4615309,0.3084191,0.1002059,-0.7448897,0,0.4615309,0.3084191,0.098764,-0.7125406,0.6114405,0.6114674,0.6142232,0.6020542,0.60679,0.6039328,0.6040503
autoUniv-au6-400-1551.arff,40,8,400,19.9703002,6.2342428,2.4610001,0,0.234314,0,0.0373067,6.082044,0,0.234314,0,0.0368489,5.8570415,0.650929,0.6428576,0.6385454,0.6586074,0.6225,0.6325,0.65
PieChart1-1451.arff,37,2,705,18.465813,4.1290813,4.472136,0,0.1001602,0.0270234,0.029046,0.740483,0,0.1001602,0.0270234,0.0286613,0.710898,0.6144239,0.6128988,0.6140866,0.6162874,0.6113475,0.6104157,0.6042553
analcatdata_marketing-986.arff,32,2,364,15.9287391,5.3778558,2.1905921,0.0010591,0.024137,0.0065796,0.0058777,1.091111,0.0010591,0.024137,0.0065796,0.0057879,1.0408095,0.6634368,0.6635586,0.6547608,0.6594173,0.6238979,0.6465416,0.6310972
semeion-41973.arff,256,2,319,127.9742279,35.0177909,2.9960706,0,0.6461894,0.0478485,0.1371504,1.9039779,0,0.6461894,0.0478485,0.1368833,1.8928469,0.5958022,0.5932558,0.5925614,0.5873992,0.592023,0.591789,0.5921384
primary-tumor-1003.arff,17,2,339,8.4176406,2.5254269,2.892101,0.000607,0.1344402,0.0136139,0.0340818,2.4417643,0.000607,0.1344402,0.0136139,0.0331215,2.2324092,0.6029511,0.6097612,0.6053508,0.6116479,0.595339,0.6021766,0.595339
collins-40971.arff,23,30,1000,11.4733127,2.9280991,3.2135384,0,4.6485621,0.2469093,1.4385751,2.2772949,0,4.6485621,0.2469093,1.4082859,2.1320506,0.6,0.599546,0.6,0.6,0.6,0.598774,0.598774
KnuggetChase3-1448.arff,39,2,194,19.4779704,6.7721534,2.131486,0,0.0896664,0,0.0237084,2.2121485,0,0.0896664,0,0.0234101,2.1282397,0.6428804,0.6433226,0.6420267,0.650588,0.6358974,0.623426,0.6153846
autoPrice-756.arff,15,2,159,7.4630015,2.7713074,1.6611133,0,0.6926492,0.6009105,0.2785159,-0.5246383,0,0.6926492,0.6009105,0.2696719,-0.4738098,0.6315063,0.6315246,0.6304123,0.63125,0.6331723,0.6179123,0.63125
ilpd-numeric-41945.arff,10,2,583,4.9463861,1.4802557,2.4217408,0,0.1027855,0.0471815,0.0386903,0.0721877,0,0.1027855,0.0471815,0.0368898,0.061805,0.6280355,0.6282062,0.6274678,0.6274678,0.6240343,0.6154506,0.6156447
sensory-826.arff,11,2,576,5.444089,1.7520695,2.1933858,0.000009,0.0501481,0.0032358,0.0149893,2.3806936,0.000009,0.0501481,0.0032358,0.0143511,2.0686453,0.6216962,0.6217039,0.6139131,0.6214709,0.6173913,0.5621969,0.5762932
fri_c4_1000_100-718.arff,100,2,1000,49.8868653,16.3576137,2.2965316,0,0.3841976,0,0.0456841,7.0630447,0,0.3841976,0,0.0454574,6.9576982,0.761197,0.6782896,0.668839,0.7629167,0.7329167,0.761197,0.7594709
audiology-999.arff,69,2,226,34.1185241,13.6903974,1.4159733,0,0.4246417,0.0037298,0.0555426,5.9711525,0,0.4246417,0.0037298,0.0551445,5.8423938,0.6212901,0.6186775,0.6262275,0.6210342,0.6201724,0.6210966,0.6161661
fri_c1_250_50-769.arff,50,2,250,24.9690372,8.9556485,2.1243208,0,0.393684,0,0.0667262,4.8158392,0,0.393684,0,0.0660688,4.6729472,0.7269051,0.6748117,0.6663661,0.7269051,0.7183178,0.7269051,0.7269051
sonar-40.arff,60,2,208,29.9404601,10.6181882,2.1281161,0,0.2013644,0,0.0533283,1.3162437,0,0.2013644,0,0.0528894,1.2836413,0.7346866,0.7245447,0.6768463,0.7445783,0.6039173,0.6090172,0.6429313
heart-c-982.arff,13,2,303,6.2900218,1.9967734,2.444615,0,0.2116278,0.1168338,0.078298,0.0033771,0,0.2116278,0.1168338,0.0754498,0.0030009,0.5956544,0.5984088,0.597964,0.5948022,0.5891978,0.5891978,0.5925036
TuningSVMs-41978.arff,81,2,156,40.4531961,14.6136966,2.1238643,0,0.9694309,0,0.1124993,7.5530817,0,0.9694309,0,0.1118112,7.4141792,0.6312496,0.6515424,0.6507635,0.6506109,0.6089254,0.5994386,0.6087648
fri_c3_1000_50-806.arff,50,2,1000,24.7834545,7.611375,2.8879685,0,0.3411049,0,0.0626302,4.6145973,0,0.3411049,0,0.0620131,4.4776763,0.706746,0.6586518,0.6176589,0.7073178,0.7059051,0.7059051,0.7059051
synthetic_control-1004.arff,61,2,600,30.4723543,6.8138256,4.472136,0,0.6500224,0.0723417,0.1543071,1.9359442,0,0.6500224,0.0723417,0.1530577,1.8887715,0.6,0.5980299,0.5976497,0.6,0.6,0.6,0.5995653
fri_c4_100_50-932.arff,50,2,100,24.9456201,9.604102,1.4520043,0,0.3973686,0,0.0609844,5.6221982,0,0.3973686,0,0.0603836,5.4553804,0.7084271,0.6905226,0.7052228,0.7189051,0.7094654,0.7094654,0.7094654
vehicle-54.arff,18,4,846,8.9384588,2.6703248,2.8936476,0.0545856,0.5710829,0.2306834,0.1680381,0.6131281,0.0545856,0.5710829,0.2306834,0.1635563,0.563415,0.5977331,0.6098728,0.6114115,0.5811584,0.571784,0.5795661,0.5978195
SPECTF-1600.arff,44,2,267,21.9167151,7.5149427,2.1665156,0,0.1550945,0.0432889,0.0433274,0.6878012,0,0.1550945,0.0432889,0.0428433,0.6646428,0.6640976,0.6673096,0.6635889,0.6747664,0.6451869,0.6407284,0.6422058
regime_alimentaire-42172.arff,19,2,202,9.3045876,2.8452994,2.8881978,0.0091414,0.4087815,0.0343901,0.1035764,2.4085651,0.0091414,0.4087815,0.0343901,0.1009538,2.2233337,0.6676195,0.6641074,0.6491232,0.6676195,0.654321,0.654321,0.6344918
fri_c2_100_50-922.arff,50,2,100,24.9153616,10.5962585,1.2598649,0,0.5591893,0,0.1040406,4.6295332,0,0.5591893,0,0.1030156,4.4921691,0.7094654,0.6723256,0.6663301,0.7094654,0.6889051,0.7094654,0.7094654
spectrometer-954.arff,102,2,531,50.9722951,13.946005,2.9963146,0,0.4802365,0.0796116,0.088322,1.4392951,0,0.4802365,0.0796116,0.0878922,1.4182465,0.6281777,0.6222463,0.6230872,0.631289,0.6225821,0.6187555,0.6175264
fri_c4_100_25-868.arff,25,2,100,12.4125614,4.9163066,1.33347,0,0.3360631,0,0.0950498,2.655906,0,0.3360631,0,0.093204,2.4998225,0.6502606,0.6515913,0.6593629,0.6488812,0.64316,0.6448022,0.6462942
chscase_whale-939.arff,9,2,228,3.9569098,1.4686552,1.4628754,0,0.9117179,0,0.303906,3,0,0.9117179,0,0.2883105,2.5218164,0.6,0.6,0.6,0.6,0.6,0.6,0.6
fri_c3_500_10-936.arff,10,2,500,4.7773205,1.6997405,1.7647384,0,0.3026959,0,0.1203653,1.6477799,0,0.3026959,0,0.1147638,1.4107805,0.6558348,0.6585767,0.6585767,0.6585767,0.6381938,0.6585767,0.6585767
KungChi3-1441.arff,39,2,123,19.4712571,6.6812733,2.1450825,0,0.1440279,0,0.0490218,0.3494247,0,0.1440279,0,0.0484052,0.3361707,0.630256,0.6293173,0.6233977,0.631959,0.6244898,0.6312215,0.6244898