Instances,feature_num_features,feature_num_classes,feature_num_instances,feature_neutral_m1,feature_neutral_m2,feature_hdil_min,feature_hdil_max,feature_hdil_median,feature_hdil_stdev,feature_hdil_skewness,feature_infog_class_min,feature_infog_class_max,feature_infog_class_median,feature_infog_class_stdev,feature_infog_class_skewness,feature_infog_feature_min,feature_infog_feature_max,feature_infog_feature_median,feature_infog_feature_stdev,feature_infog_feature_skewness,algo_AMSO,algo_GA,algo_EDA,algo_SFS,algo_PCR,algo_IGFS,algo_REL
prnn_fglass-952.arff,9,6,214,0.10555560,0.01111110,0.00000000,4.32142600,0.00000000,1.29998940,2.89125280,0.00000000,0.56618820,0.41235000,0.20333300,-0.93233560,0.00000000,0.56618820,0.41235000,0.19289860,-0.78372640,0.52228680,0.52887600,0.52325580,0.52906980,0.51744180,0.51744180,0.52325580
emotions-40589.arff,77,2,593,0.13311690,0.00389610,0.00000000,38.41896760,0.00000000,12.47637350,2.29925190,0.00000000,0.27409170,0.03581750,0.06936380,1.00424630,0.00000000,0.27409170,0.03581750,0.06891780,0.98482540,0.49184250,0.50267230,0.50843880,0.48523200,0.50210970,0.50210970,0.50000000
meta-757.arff,21,2,528,0.10238100,0.00714290,0.00000000,10.21855030,0.00000000,3.10130870,2.88916350,0.00000000,0.11792150,0.04881010,0.03373520,0.46917280,0.00000000,0.11792150,0.04881010,0.03295960,0.43645840,0.51611380,0.52235390,0.52132700,0.49763040,0.50473940,0.50947870,0.50000000
kc1-top5-1045.arff,94,2,145,0.96489360,0.38244680,0.00000000,46.91629900,0.00000000,14.29916920,2.88853360,0.00000000,0.13744400,0.00000000,0.04816720,0.67634650,0.00000000,0.13744400,0.00000000,0.04791310,0.66561860,0.50373560,0.50201150,0.50000000,0.50862070,0.50000000,0.50000000,0.50000000
colic-27.arff,22,2,368,0.03409090,0.00454550,0.00000000,10.87330170,0.00000000,3.83545470,2.12765690,0.00000000,0.28401010,0.02724860,0.06328140,2.64731900,0.00000000,0.28401010,0.02724860,0.06189050,2.47095300,0.53843540,0.54331070,0.54421770,0.54081630,0.53741500,0.52721090,0.52380950
fri_c4_500_100-742.arff,100,2,500,0.01000000,0.00100000,0.00000000,49.86384400,0.00000000,19.34545760,1.64293730,0.00000000,0.39014730,0.00000000,0.04547430,7.34742080,0.00000000,0.39014730,0.00000000,0.04524870,7.23783280,0.68108330,0.57800000,0.58250000,0.64000000,0.68500000,0.68500000,0.68500000
credit-approval-29.arff,15,2,690,0.01666670,0.00666670,0.00000000,7.07918370,0.00000000,2.75829120,1.55783750,0.00042270,0.42570940,0.04945590,0.11130250,2.20053570,0.00042270,0.42570940,0.04945590,0.10776810,1.98734160,0.52850240,0.53164250,0.53260870,0.53260870,0.52173920,0.52173920,0.52173920
kc1-binary-1066.arff,94,2,145,0.41436170,0.01117020,0.00000000,46.80605690,0.00000000,18.12838030,1.66207100,0.00000000,0.32736740,0.22281460,0.12176970,-0.44502990,0.00000000,0.32736740,0.22281460,0.12112710,-0.43797100,0.54396550,0.56896550,0.58620690,0.54310340,0.52586200,0.52586200,0.51724140
autoUniv-au7-500-1554.arff,12,5,500,0.00416670,0.00416670,0.00000000,5.86473370,0.00000000,2.09381120,1.73304960,0.00000000,0.08432910,0.00000000,0.02680030,1.88772260,0.00000000,0.08432910,0.00000000,0.02574890,1.66039770,0.50766670,0.52416670,0.53000000,0.53000000,0.50000000,0.50000000,0.51750000
bridges-1007.arff,12,2,107,0.11250000,0.01250000,0.00000000,5.85940830,0.00000000,2.47339520,0.75146850,0.00000000,0.97713400,0.12724940,0.28329640,2.00846430,0.00000000,0.97713400,0.12724940,0.27218240,1.76659940,0.68604650,0.68720930,0.69767440,0.68604650,0.65116280,0.55813960,0.67441860
dresses-sales-23381.arff,12,2,500,0.00833330,0.00416670,0.00000000,5.73924750,0.00000000,1.76207800,2.72552180,0.00000000,0.05042730,0.02060980,0.01683900,0.25006280,0.00000000,0.05042730,0.02060980,0.01617840,0.21994960,0.53541670,0.53891670,0.54000000,0.53750000,0.50250000,0.53250000,0.53250000
schizo-466.arff,14,2,340,0.30357140,0.05357140,0.00000000,6.95897740,0.00000000,2.05211290,2.90004250,0.00000000,0.45641020,0.00000000,0.12121940,3.69275570,0.00000000,0.45641020,0.00000000,0.11710900,3.31008950,0.61029420,0.58186280,0.56250000,0.61029420,0.50735300,0.61029420,0.50000000
fri_c4_1000_10-751.arff,10,2,1000,0.01000000,0.00500000,0.00000000,4.85215790,0.00000000,1.76467710,1.45906770,0.00000000,0.35226490,0.00000000,0.12462610,1.84795570,0.00000000,0.35226490,0.00000000,0.11882630,1.58216520,0.58625000,0.58875000,0.58875000,0.58875000,0.58500000,0.58500000,0.58875000
backache-463.arff,32,2,180,0.26406250,0.01250000,0.00000000,15.91808020,0.00000000,4.89363020,2.88794770,0.00000000,0.06095310,0.00388700,0.01745610,1.25817150,0.00000000,0.06095310,0.00388700,0.01718960,1.20016830,0.52083340,0.52638890,0.52777780,0.50694440,0.52083340,0.50694440,0.51388890
TuningSVMs-41977.arff,91,2,156,0.18571430,0.00769230,0.00000000,45.45327590,0.00000000,17.58962740,1.66656760,0.00000000,0.95204030,0.00000000,0.10980200,6.75699420,0.00000000,0.95204030,0.00000000,0.10920360,6.64630520,0.57419350,0.60645160,0.60483870,0.59677420,0.55645160,0.53225800,0.57258060
dataset-autoHorse_fixed-42223.arff,68,186,201,0.98382350,0.41838240,0.00000000,33.97083070,0.00000000,7.59610870,4.47213600,0.00000000,5.65552240,0.00000000,1.77452340,1.36500090,0.00000000,5.65552240,0.00000000,1.76161760,1.33513740,0.50645830,0.50625000,0.50625000,0.50000000,0.50000000,0.50625000,0.50000000
fri_c0_100_50-850.arff,50,2,100,0.03300000,0.00300000,0.00000000,24.91105060,0.00000000,10.17028680,1.39961720,0.00000000,0.15824920,0.00000000,0.03022050,4.85273840,0.00000000,0.15824920,0.00000000,0.02992270,4.70875150,0.60375000,0.63916670,0.67500000,0.57500000,0.61250000,0.57500000,0.58750000
cleve-40710.arff,13,2,303,0.00384620,0.00384620,0.00000000,6.39117190,0.00000000,2.08180780,2.25187880,0.00000000,0.21325070,0.11683380,0.07980300,0.01463350,0.00000000,0.21325070,0.11683380,0.07690010,0.01300350,0.49421490,0.50468320,0.50000000,0.49173560,0.50000000,0.50000000,0.50000000
fri_c0_500_25-926.arff,25,2,500,0.00800000,0.00200000,0.00000000,12.40171900,0.00000000,4.68908660,1.65844630,0.00000000,0.15226300,0.00000000,0.04104550,2.25807560,0.00000000,0.15226300,0.00000000,0.04024840,2.12537200,0.56408330,0.55575000,0.56500000,0.57000000,0.55500000,0.56250000,0.56500000
fri_c1_250_10-935.arff,10,2,250,0.02500000,0.01000000,0.00000000,4.90281250,0.00000000,1.76269540,1.56823490,0.00000000,0.39090890,0.00000000,0.14519900,1.62534680,0.00000000,0.39090890,0.00000000,0.13844190,1.39157400,0.63450000,0.63500000,0.63500000,0.63500000,0.63500000,0.63500000,0.63500000
fri_c4_1000_50-797.arff,50,2,1000,0.00000000,0.00000000,0.00000000,24.89549610,0.00000000,8.55749800,2.15924680,0.00000000,0.36134270,0.00000000,0.06367840,4.77106730,0.00000000,0.36134270,0.00000000,0.06305100,4.62950370,0.65750000,0.60454170,0.55875000,0.66375000,0.65750000,0.65500000,0.65750000
dermatology-1010.arff,34,2,366,0.30000000,0.03970590,0.00000000,16.88851410,0.00000000,5.76454890,2.16349540,0.00000000,0.78209640,0.11365120,0.20464570,1.60357500,0.00000000,0.78209640,0.11365120,0.20170100,1.53393490,0.50000000,0.50000000,0.50000000,0.50000000,0.50000000,0.50000000,0.50000000
glass-41.arff,9,7,214,0.01666670,0.00555560,0.00000000,4.30395060,0.00000000,1.51719020,1.82439020,0.00000000,0.56618820,0.41235000,0.20333300,-0.93233560,0.00000000,0.56618820,0.41235000,0.19289860,-0.78372640,0.54844960,0.55426360,0.55813960,0.54069760,0.50581400,0.51162790,0.53488370
dermatology-35.arff,34,6,366,0.07941180,0.00588240,0.00000000,16.77545110,0.00000000,6.67604830,1.35014800,0.09328060,0.86312690,0.42703070,0.22882240,0.06461060,0.09328060,0.86312690,0.42703070,0.22552980,0.06180460,0.49851600,0.51575340,0.51369860,0.51027400,0.50684940,0.50684940,0.50342470
fri_c1_1000_50-837.arff,50,2,1000,0.00300000,0.00100000,0.00000000,24.81679030,0.00000000,8.68945950,2.14456610,0.00000000,0.33401660,0.00000000,0.06034800,4.71714630,0.00000000,0.33401660,0.00000000,0.05975340,4.57718260,0.67375000,0.59595830,0.56625000,0.65875000,0.67375000,0.67375000,0.67375000
echoMonths-944.arff,9,2,130,0.03333330,0.01111110,0.00000000,4.39599360,0.00000000,1.67793170,1.39484140,0.00000000,0.33835930,0.01159490,0.10952920,2.24976590,0.00000000,0.33835930,0.01159490,0.10390850,1.89116550,0.52083340,0.53461540,0.52884620,0.51923080,0.54807690,0.51923080,0.52884620
flags-285.arff,29,8,194,0.03103450,0.00517240,0.00000000,14.42685360,0.00000000,5.63616190,1.47096310,0.00000000,2.32168340,0.12810520,0.43483470,4.14743800,0.00000000,2.32168340,0.12810520,0.42752610,3.93678170,0.55064100,0.56794870,0.57692300,0.53846150,0.54487180,0.51923080,0.54487180
heart-c-49.arff,13,5,303,0.01538460,0.00384620,0.00000000,6.48223210,0.00000000,2.15026970,1.94577530,0.00000000,0.21162780,0.11683380,0.07829800,0.00337710,0.00000000,0.21162780,0.11683380,0.07544980,0.00300090,0.51391180,0.53168040,0.53719010,0.51239670,0.52892560,0.52892560,0.52066120
thoracic-surgery-1506.arff,16,2,470,0.07187500,0.00937500,0.00000000,7.96645010,0.00000000,2.59721120,2.20802800,0.00000000,0.02428420,0.00392360,0.00715830,1.89527360,0.00000000,0.02428420,0.00392360,0.00694450,1.72286280,0.51480500,0.51640070,0.51595740,0.51329790,0.51063830,0.50531920,0.50000000
eucalyptus-990.arff,19,2,736,0.02631580,0.00789470,0.00000000,9.26007810,0.00000000,3.71472190,1.31523620,0.00000000,0.16438370,0.06640770,0.04995980,0.25261920,0.00000000,0.16438370,0.06640770,0.04869480,0.23319140,0.55753970,0.57704080,0.58503400,0.57142860,0.54761900,0.54591840,0.54591840
fri_c1_1000_25-917.arff,25,2,1000,0.00000000,0.00000000,0.00000000,12.31647190,0.00000000,4.37576250,1.81383510,0.00000000,0.30945340,0.00000000,0.08287370,3.14722040,0.00000000,0.30945340,0.00000000,0.08126430,2.96226310,0.63487500,0.63379170,0.57375000,0.64625000,0.63500000,0.63500000,0.63500000
analcatdata_gsssexsurvey-852.arff,9,2,159,0.05555560,0.01111110,0.00000000,4.34247960,0.00000000,1.40353540,2.23086400,0.00000000,0.04012310,0.00050140,0.01357810,1.99216670,0.00000000,0.04012310,0.00050140,0.01288140,1.67462620,0.59375000,0.59348960,0.57812500,0.59375000,0.57812500,0.57812500,0.57812500
pbc-810.arff,18,2,418,0.00833330,0.00277780,0.00000000,8.62141630,0.00000000,3.26804340,1.67221500,0.00000000,0.14852870,0.02101470,0.03976730,1.73655700,0.00000000,0.14852870,0.02101470,0.03870670,1.59575500,0.56087820,0.58323350,0.57485030,0.58982040,0.53293410,0.52694610,0.51796400
autos-975.arff,25,2,205,0.05800000,0.00600000,0.00000000,12.41162850,0.00000000,4.87652770,1.63139020,0.00000000,0.33491230,0.02953710,0.08147380,1.72539100,0.00000000,0.33491230,0.02953710,0.07989160,1.62399240,0.65060980,0.66605690,0.62195120,0.62804880,0.58536580,0.62804880,0.60365860
robot-failures-lp4-1519.arff,90,3,117,0.46833330,0.01166670,0.00000000,44.96172730,0.00000000,16.23953440,2.12375830,0.00000000,0.59798710,0.40363070,0.11612150,-0.60037260,0.00000000,0.59798710,0.40363070,0.11548170,-0.59042910,0.75531920,0.67092200,0.54255320,0.75531920,0.72340420,0.50000000,0.72340420
mw1-1071.arff,37,2,403,0.33243240,0.01756760,0.00000000,18.40104080,0.00000000,5.66113680,2.88794030,0.00000000,0.08681590,0.04890010,0.02995780,-0.29834310,0.00000000,0.08681590,0.04890010,0.02956090,-0.28642320,0.50734990,0.51107660,0.51242240,0.50621120,0.50310560,0.50310560,0.50931680
TuningSVMs-41976.arff,81,2,156,0.17037040,0.00370370,0.00000000,40.46072730,0.00000000,15.78086010,1.65019600,0.00000000,0.93058610,0.00000000,0.10802140,7.63766510,0.00000000,0.93058610,0.00000000,0.10736080,7.49720710,0.57069890,0.60752690,0.62096770,0.62096770,0.54838710,0.54032260,0.56451610
usp05-1047.arff,16,11,203,0.02187500,0.00625000,0.00000000,7.82681410,0.00000000,3.18136230,1.30020510,0.12473550,1.86075160,0.74461940,0.54850530,0.28029800,0.12473550,1.86075160,0.74461940,0.53212830,0.25479960,0.54938270,0.54320980,0.53703700,0.54938270,0.54320980,0.53086420,0.50617280
autoUniv-au7-1100-1552.arff,12,5,1100,0.00000000,0.00000000,0.00000000,5.95049880,0.00000000,1.80579520,2.29756680,0.00000000,0.07801870,0.00400590,0.02971280,1.10644350,0.00000000,0.07801870,0.00400590,0.02854710,0.97320240,0.55568180,0.55102270,0.53977270,0.55568180,0.55227270,0.55227270,0.55227270
lymph-10.arff,18,4,148,0.05833330,0.00555560,0.00000000,8.81546510,0.00000000,3.39508240,1.64583360,0.02912000,0.40188390,0.14434210,0.08678300,1.48824560,0.02912000,0.40188390,0.14434210,0.08446830,1.36757690,0.50225990,0.52175140,0.52542370,0.50000000,0.50847460,0.50847460,0.50847460
leaf-1482.arff,15,30,340,0.56000000,0.05000000,0.00000000,7.47041020,0.00000000,1.67043450,4.47213600,0.00000000,1.90726690,1.17337740,0.58317790,-0.32923140,0.00000000,1.90726690,1.17337740,0.56465960,-0.29733450,0.51102940,0.51102940,0.51102940,0.51102940,0.50735300,0.51102940,0.51102940
auto_price-745.arff,15,2,159,0.04333330,0.00666670,0.00000000,7.32507290,0.00000000,2.94597570,1.31194780,0.00000000,0.69264920,0.60091050,0.27777640,-0.53188630,0.00000000,0.69264920,0.60091050,0.26895580,-0.48035560,0.64817710,0.65000000,0.64843750,0.64062500,0.64843750,0.63281250,0.59375000
molecular-biology_promoters-956.arff,58,2,106,0.04396550,0.00258620,0.00000000,28.93709480,0.00000000,11.56208840,1.41684070,0.00081130,0.90520030,0.02124020,0.11715300,7.25647130,0.00081130,0.90520030,0.02124020,0.11615590,7.07059240,0.56230160,0.58333330,0.58333340,0.58333340,0.52380950,0.52380950,0.52380950
fri_c0_500_50-888.arff,50,2,500,0.00400000,0.00200000,0.00000000,24.85971190,0.00000000,9.73180050,1.63709850,0.00000000,0.19224560,0.00000000,0.03290350,4.43474700,0.00000000,0.19224560,0.00000000,0.03257930,4.30316250,0.58133330,0.55166670,0.55000000,0.59500000,0.57250000,0.57250000,0.57250000
fri_c3_250_25-832.arff,25,2,250,0.01800000,0.00400000,0.00000000,12.41561000,0.00000000,4.63964750,1.56253180,0.00000000,0.39128510,0.00000000,0.09279520,3.40113960,0.00000000,0.39128510,0.00000000,0.09099320,3.20125980,0.63500000,0.62033330,0.57000000,0.63500000,0.63500000,0.61000000,0.63500000
fri_c0_250_25-773.arff,25,2,250,0.00400000,0.00200000,0.00000000,12.46069210,0.00000000,4.85683190,1.34311540,0.00000000,0.14759080,0.00000000,0.04088950,2.11290140,0.00000000,0.14759080,0.00000000,0.04009550,1.98872940,0.58833330,0.58550000,0.60000000,0.62000000,0.58000000,0.58000000,0.56000000
fri_c1_100_25-812.arff,25,2,100,0.04800000,0.00400000,0.00000000,12.44102250,0.00000000,5.09273490,1.28841330,0.00000000,0.43205820,0.00000000,0.11208270,3.32878520,0.00000000,0.43205820,0.00000000,0.10990610,3.13315760,0.58708330,0.59166670,0.58750000,0.61250000,0.55000000,0.58750000,0.58750000
water-treatment-940.arff,38,2,527,0.08684210,0.00657890,0.00000000,18.88075860,0.00000000,5.77475150,2.88818280,0.00000000,0.61433310,0.06476820,0.19314560,1.00085340,0.00000000,0.61433310,0.06476820,0.19065330,0.96190420,0.51579780,0.52085310,0.51895740,0.51421800,0.50473940,0.51421800,0.51421800
heart-h-963.arff,13,2,294,0.99230770,0.99230770,0.00000000,6.48081630,0.00000000,1.44915460,4.47213600,0.00000000,0.25393350,0.01737220,0.10098210,1.27047230,0.00000000,0.25393350,0.01737220,0.09730880,1.12895620,0.50000000,0.50000000,0.50000000,0.50000000,0.50000000,0.50000000,0.50000000
fri_c1_100_50-876.arff,50,2,100,0.03300000,0.00200000,0.00000000,24.94911730,0.00000000,10.51297150,1.27092460,0.00000000,0.18718580,0.00000000,0.02647210,7.07106780,0.00000000,0.18718580,0.00000000,0.02621130,6.86126030,0.61458330,0.65750000,0.67500000,0.68750000,0.63750000,0.60000000,0.57500000
fri_c2_500_50-920.arff,50,2,500,0.00300000,0.00100000,0.00000000,24.74819050,0.00000000,9.62929540,1.64306730,0.00000000,0.46331830,0.00000000,0.08482730,4.81396460,0.00000000,0.46331830,0.00000000,0.08399150,4.67112820,0.66250000,0.60233330,0.62000000,0.66500000,0.66250000,0.66250000,0.66250000
fri_c2_1000_25-903.arff,25,2,1000,0.01200000,0.00400000,0.00000000,12.44598230,0.00000000,4.38220670,2.12761310,0.00000000,0.40939730,0.00000000,0.11171260,3.26461190,0.00000000,0.40939730,0.00000000,0.10954330,3.07275560,0.60750000,0.60158330,0.61000000,0.60750000,0.60750000,0.60750000,0.60750000
mc2-1054.arff,39,2,161,0.30128210,0.02307690,0.00000000,19.46672160,0.00000000,6.84389350,2.13062800,0.00000000,0.16750800,0.07981300,0.04660200,0.06921690,0.00000000,0.16750800,0.07981300,0.04601580,0.06659140,0.58619790,0.60078130,0.58593750,0.60156250,0.56250000,0.57031250,0.55468750
hungarian-858.arff,13,2,294,0.99230770,0.99230770,0.00000000,6.48778060,0.00000000,1.45071180,4.47213600,0.00000000,0.25393350,0.01737220,0.10098210,1.27047230,0.00000000,0.25393350,0.01737220,0.09730880,1.12895620,0.50000000,0.50000000,0.50000000,0.50000000,0.50000000,0.50000000,0.50000000
fri_c0_1000_25-849.arff,25,2,1000,0.00200000,0.00200000,0.00000000,12.43892500,0.00000000,4.70273940,1.65748980,0.00000000,0.15740010,0.00000000,0.04266460,2.52337980,0.00000000,0.15740010,0.00000000,0.04183610,2.37508460,0.58295830,0.57304170,0.56750000,0.57375000,0.57375000,0.58375000,0.58375000
vowel-1016.arff,13,2,990,0.02692310,0.00769230,0.00000000,6.41510210,0.00000000,2.16430050,2.17009980,0.00000000,0.26807800,0.04457250,0.07285840,2.11676880,0.00000000,0.26807800,0.04457250,0.07020810,1.88098500,0.51237370,0.51670880,0.51388890,0.51767680,0.51010100,0.50631320,0.51136360
fri_c4_500_50-805.arff,50,2,500,0.00800000,0.00200000,0.00000000,24.88567900,0.00000000,8.93438740,1.88910150,0.00000000,0.27081260,0.00000000,0.05374090,4.46770250,0.00000000,0.27081260,0.00000000,0.05321140,4.33514010,0.67450000,0.60350000,0.57750000,0.68500000,0.54500000,0.66750000,0.67750000
kc3-1065.arff,39,2,458,0.25384620,0.01282050,0.00000000,19.36464200,0.00000000,5.94722310,2.88796830,0.00000000,0.09721630,0.06881520,0.02495370,-0.90014630,0.00000000,0.09721630,0.06881520,0.02463980,-0.86600290,0.51730410,0.52112930,0.52185790,0.51912560,0.51366120,0.51366120,0.50546440
fri_c3_1000_25-715.arff,25,2,1000,0.00400000,0.00200000,0.00000000,12.39891890,0.00000000,4.30563220,2.13548390,0.00000000,0.35476090,0.00000000,0.08936200,3.12905020,0.00000000,0.35476090,0.00000000,0.08762660,2.94516070,0.67225000,0.67133330,0.65125000,0.68000000,0.67250000,0.67250000,0.68000000
autoUniv-au1-1000-1547.arff,20,2,1000,0.00250000,0.00250000,0.00000000,9.89794430,0.00000000,3.02104400,2.88837110,0.00000000,0.01470180,0.00000000,0.00577640,1.52142520,0.00000000,0.01470180,0.00000000,0.00563720,1.41014800,0.54220830,0.54445830,0.54625000,0.51875000,0.54000000,0.52375000,0.51875000
anneal-989.arff,38,2,898,0.20789470,0.00789470,0.00000000,18.95596860,0.00000000,6.55211470,2.13321060,0.00000000,0.21212740,0.00000000,0.04253360,3.54837240,0.00000000,0.21212740,0.00000000,0.04198470,3.41028390,0.51021360,0.52274840,0.52089140,0.52785520,0.50835660,0.50835660,0.50696380
MegaWatt1-1442.arff,37,2,253,0.28378380,0.01756760,0.00000000,18.45956350,0.00000000,5.53541470,2.89226870,0.00000000,0.09968420,0.05655760,0.03512290,-0.18651700,0.00000000,0.09968420,0.05655760,0.03465770,-0.17906490,0.51188120,0.51534660,0.50990100,0.50990100,0.50000000,0.50000000,0.50000000
Touch2-42544.arff,10,8,265,0.22500000,0.04500000,0.00000000,4.94474690,0.00000000,1.43946050,2.90901470,0.00000000,0.98438230,0.49117430,0.34944400,-0.08970350,0.00000000,0.98438230,0.49117430,0.33318180,-0.07680150,0.50801890,0.51179250,0.50943400,0.50943400,0.50000000,0.50000000,0.50000000
fri_c4_250_10-863.arff,10,2,250,0.00500000,0.00500000,0.00000000,4.87174210,0.00000000,1.69420980,1.58430810,0.00000000,0.24690460,0.00000000,0.10052850,1.42192060,0.00000000,0.24690460,0.00000000,0.09585020,1.21740640,0.56533330,0.57000000,0.55500000,0.57000000,0.55500000,0.55500000,0.57000000
boston_corrected-825.arff,20,2,506,0.01500000,0.00250000,0.00000000,9.80570000,0.00000000,4.31334190,0.96731230,0.00003210,0.56340280,0.24881640,0.14361970,0.14109210,0.00003210,0.56340280,0.24881640,0.14015850,0.13077260,0.51328380,0.53110560,0.53217820,0.50742580,0.51980200,0.50990100,0.52475250
fri_c0_1000_10-845.arff,10,2,1000,0.00500000,0.00500000,0.00000000,4.72296300,0.00000000,1.71393610,1.69691320,0.00000000,0.18570000,0.01774220,0.06058120,1.58675790,0.00000000,0.18570000,0.01774220,0.05776190,1.35853530,0.52233330,0.53266670,0.52375000,0.53500000,0.52375000,0.52250000,0.53500000
bridges-327.arff,12,6,105,0.30833330,0.06250000,0.00000000,5.96875000,0.00000000,1.90758730,2.33426370,0.00000000,2.31760280,0.36263260,0.67599380,1.86746500,0.00000000,2.31760280,0.36263260,0.64947380,1.64257960,0.55119050,0.55912700,0.54761900,0.51190480,0.51190480,0.51190480,0.51190480
kc2-1063.arff,21,2,522,0.35238100,0.04761900,0.00000000,10.40224690,0.00000000,3.08322470,2.89721960,0.05595100,0.24146120,0.19383640,0.03929380,-1.83906700,0.05595100,0.24146120,0.19383640,0.03839040,-1.71083300,0.51818180,0.52663480,0.52631580,0.52153110,0.50956940,0.51196180,0.51913880
fri_c2_100_10-762.arff,10,2,100,0.04500000,0.01500000,0.00000000,4.83080620,0.00000000,1.89903670,1.32623020,0.00000000,0.39660810,0.00000000,0.14441590,1.95017490,0.00000000,0.39660810,0.00000000,0.13769520,1.66968220,0.56250000,0.59458330,0.58750000,0.58750000,0.56250000,0.56250000,0.56250000
cylinder-bands-6332.arff,39,2,540,0.06538460,0.00641030,0.00000000,19.40186550,0.00000000,6.75436260,2.14812670,0.00000000,0.83569930,0.01682920,0.17815020,3.93517410,0.00000000,0.83569930,0.01682920,0.17590930,3.78590930,0.56527780,0.58665120,0.57870370,0.60879630,0.54166660,0.54861110,0.52314820
vehicle-994.arff,18,2,846,0.01944440,0.00555560,0.00000000,8.98395190,0.00000000,2.84907730,2.20350330,0.01306440,0.28094680,0.10920410,0.09106790,0.40563550,0.01306440,0.28094680,0.10920410,0.08863900,0.37274610,0.50586780,0.50951680,0.50887580,0.51035500,0.50000000,0.50443780,0.50443780
autoHorse-840.arff,25,2,205,0.08400000,0.01000000,0.00000000,12.41510010,0.00000000,4.87822780,1.34090670,0.00000000,0.57250180,0.20031760,0.20101070,0.29795770,0.00000000,0.57250180,0.20031760,0.19710720,0.28044720,0.55934960,0.57926830,0.57926830,0.58536580,0.51219510,0.57317070,0.55487800
solar-flare-40686.arff,12,5,315,0.06250000,0.00833330,0.00000000,5.37970620,0.00000000,2.24548340,1.00452120,0.01615140,0.87307350,0.05846310,0.31513350,1.87001480,0.01615140,0.87307350,0.05846310,0.30277050,1.64482240,0.53425920,0.53518510,0.53571420,0.53571420,0.51190480,0.51190480,0.51587300
fri_c1_1000_10-910.arff,10,2,1000,0.00000000,0.00000000,0.00000000,4.80301530,0.00000000,1.71813980,1.49088980,0.00000000,0.33694100,0.00734980,0.13208750,1.72173430,0.00000000,0.33694100,0.00734980,0.12594050,1.47409810,0.58125000,0.58125000,0.58125000,0.58125000,0.58125000,0.58125000,0.58125000
fri_c0_100_10-808.arff,10,2,100,0.00000000,0.00000000,0.00000000,4.91452990,0.00000000,1.88275390,1.42055790,0.00000000,0.12002060,0.00000000,0.04898650,1.78510870,0.00000000,0.12002060,0.00000000,0.04670680,1.52835740,0.59875000,0.60666670,0.61250000,0.50000000,0.57500000,0.53750000,0.57500000
mu284-880.arff,10,2,284,0.25000000,0.07500000,0.00000000,3.91528930,0.00000000,1.70589370,0.47950110,0.00000000,1.00000000,0.05904220,0.33721980,1.92890540,0.00000000,1.00000000,0.05904220,0.32152650,1.65147190,0.58771930,0.58771930,0.58771930,0.58771930,0.58771930,0.58771930,0.50000000
MiceProtein-40966.arff,81,8,1080,0.50740740,0.02901230,0.00000000,39.97353920,0.00000000,12.30028470,2.88793950,0.00000000,2.99302680,0.21760540,0.40254600,3.96241070,0.00000000,2.99302680,0.21760540,0.40008390,3.88954130,0.54282400,0.54282400,0.54282400,0.54282400,0.54282400,0.54282400,0.54282400
audiology-7.arff,69,24,226,0.40000000,0.01159420,0.00000000,34.28274700,0.00000000,15.29872160,0.96520490,0.00883550,0.90344090,0.04434830,0.20500830,2.21182350,0.00883550,0.90344090,0.04434830,0.20353860,2.16412890,0.55277780,0.57574070,0.56666660,0.56111110,0.56111110,0.55000000,0.55555560
vote-56.arff,16,2,435,0.05000000,0.00937500,0.00000000,7.85142790,0.00000000,2.68851440,1.89588620,0.00001170,0.70785410,0.20676860,0.18173480,1.00179550,0.00001170,0.70785410,0.20676860,0.17630860,0.91066330,0.51513410,0.51867820,0.52011500,0.51724140,0.51149420,0.51149420,0.51724140
breast-tissue-1465.arff,9,6,106,0.26111110,0.06666670,0.00000000,4.46215050,0.00000000,1.27747120,2.92487590,0.00000000,0.32303450,0.00000000,0.13117410,1.66639300,0.00000000,0.32303450,0.00000000,0.12444270,1.40077900,0.50555560,0.50952380,0.51190480,0.48809520,0.51190480,0.51190480,0.51190480
fri_c1_100_10-789.arff,10,2,100,0.01500000,0.00500000,0.00000000,4.84443980,0.00000000,1.77313670,1.45782520,0.00000000,0.38451020,0.00000000,0.12789700,2.37361950,0.00000000,0.38451020,0.00000000,0.12194500,2.03222300,0.66250000,0.66083330,0.66250000,0.66250000,0.66250000,0.66250000,0.66250000
prnn_fglass-996.arff,9,2,214,0.02222220,0.00555560,0.00000000,4.35571220,0.00000000,1.66310000,1.35624130,0.00000000,0.24097530,0.06721940,0.07924970,1.50240810,0.00000000,0.24097530,0.06721940,0.07518280,1.26293250,0.70155040,0.70135660,0.69767440,0.69186040,0.52906980,0.63953490,0.50000000
zoo-965.arff,17,2,101,0.26470590,0.02352940,0.00000000,8.43061220,0.00000000,3.20663320,1.37667380,0.00063680,0.97431970,0.17242770,0.33393150,1.17313440,0.00063680,0.97431970,0.17242770,0.32452310,1.07255070,0.50000000,0.50000000,0.50000000,0.50000000,0.50000000,0.50000000,0.50000000
fri_c3_500_50-937.arff,50,2,500,0.00100000,0.00100000,0.00000000,24.97049710,0.00000000,8.96649830,2.12417990,0.00000000,0.34313370,0.00000000,0.05775050,4.85879760,0.00000000,0.34313370,0.00000000,0.05718160,4.71463100,0.70400000,0.62908330,0.61250000,0.70500000,0.56750000,0.70500000,0.70500000
DiabeticMellitus-41430.arff,97,2,281,0.07628870,0.00206190,0.00000000,48.40790060,0.00000000,18.95016610,1.64417210,0.00000000,0.88567900,0.00000000,0.09255130,9.02494870,0.00000000,0.88567900,0.00000000,0.09207790,8.88620050,0.67410720,0.63080360,0.61607140,0.67410720,0.67410720,0.67410720,0.67410720
soybean-42.arff,35,19,683,0.04000000,0.00428570,0.00000000,17.38945360,0.00000000,6.66462760,1.55743790,0.04608950,1.15172420,0.36135100,0.30296310,0.60076470,0.04608950,1.15172420,0.36135100,0.29872560,0.57540970,0.47924300,0.50958490,0.51282060,0.47252750,0.50000000,0.50000000,0.50000000
pc1-1068.arff,21,2,1109,0.07857140,0.00714290,0.00000000,10.43342910,0.00000000,3.13069910,2.89204740,0.00000000,0.04527310,0.02201130,0.01437890,0.06553870,0.00000000,0.04527310,0.02201130,0.01404830,0.06096890,0.50664420,0.50668170,0.50563060,0.50788290,0.50225220,0.50225220,0.50788290
PizzaCutter3-1444.arff,37,2,1043,0.14324320,0.00810810,0.00000000,18.42454160,0.00000000,5.66681720,2.88794230,0.00000000,0.09730670,0.02699650,0.02856350,0.48756360,0.00000000,0.09730670,0.02699650,0.02818520,0.46808360,0.51594720,0.51722620,0.51798560,0.51558750,0.51318940,0.51318940,0.51318940
fri_c3_250_10-793.arff,10,2,250,0.02500000,0.01500000,0.00000000,4.82038130,0.00000000,1.84570280,1.32720360,0.00000000,0.42574060,0.00000000,0.16007840,1.78369170,0.00000000,0.42574060,0.00000000,0.15262880,1.52714420,0.62466670,0.62500000,0.62000000,0.62500000,0.62500000,0.58500000,0.62500000
solar-flare-40687.arff,12,6,1066,0.05000000,0.00833330,0.00000000,5.89805300,0.00000000,2.26125380,1.29232690,0.00000000,1.07575880,0.08955520,0.34337650,2.02916060,0.00000000,1.07575880,0.08955520,0.32990550,1.78480330,0.50794210,0.51079810,0.50938970,0.50938970,0.50586860,0.50586860,0.50586860
threeOf9-40690.arff,9,2,512,0.01111110,0.01111110,0.00000000,4.43858510,0.00000000,1.48498560,1.87198470,0.00638110,0.06840960,0.04295750,0.02281130,-0.01878010,0.00638110,0.06840960,0.04295750,0.02164070,-0.01578670,0.44430890,0.50243900,0.50243900,0.50000000,0.50000000,0.50000000,0.50000000
pharynx-738.arff,11,2,195,0.02727270,0.00454550,0.00000000,5.35672510,0.00000000,2.02551230,1.38730200,0.00000000,0.88201290,0.02719040,0.26332360,2.84359360,0.00000000,0.88201290,0.02719040,0.25211310,2.47087080,0.55833340,0.56260690,0.55769240,0.55769240,0.55769240,0.55769240,0.55769240
lymph-1006.arff,18,2,148,0.08611110,0.01111110,0.00000000,8.84520850,0.00000000,3.38508300,1.49022000,0.00000000,0.31096910,0.03660840,0.08438870,1.70913730,0.00000000,0.31096910,0.03660840,0.08213800,1.57055850,0.50536720,0.52316390,0.50847460,0.50847460,0.51694920,0.50847460,0.50000000
fri_c0_1000_50-904.arff,50,2,1000,0.00500000,0.00100000,0.00000000,24.95480630,0.00000000,9.30360360,1.53509090,0.00000000,0.16238410,0.00000000,0.03436150,3.73957410,0.00000000,0.16238410,0.00000000,0.03402300,3.62861630,0.61633330,0.56925000,0.57250000,0.62250000,0.60625000,0.61375000,0.61375000
fri_c4_250_100-834.arff,100,2,250,0.01550000,0.00100000,0.00000000,49.90369620,0.00000000,20.03623440,1.62785450,0.00000000,0.40402240,0.00000000,0.05303590,6.77516340,0.00000000,0.40402240,0.00000000,0.05277270,6.67411070,0.62833330,0.58100000,0.64500000,0.64000000,0.60000000,0.63500000,0.63500000
triazines-788.arff,60,2,186,0.41833330,0.01416670,0.00000000,29.83130590,0.00000000,11.59658420,1.64194200,0.00000000,0.12185500,0.00000000,0.03152450,1.61515720,0.00000000,0.12185500,0.00000000,0.03126500,1.57515090,0.60000010,0.60653160,0.60810820,0.62162160,0.52027030,0.54054060,0.53378380
autoUniv-au6-750-1549.arff,40,8,750,0.01750000,0.00250000,0.00000000,19.95005730,0.00000000,6.06732280,2.88882600,0.00000000,0.01015290,0.00000000,0.00195950,4.17536240,0.00000000,0.01015290,0.00000000,0.00193550,4.02089680,0.53688890,0.52911110,0.53666670,0.54333340,0.50666670,0.53000000,0.51833340
fri_c2_100_25-775.arff,25,2,100,0.02800000,0.00400000,0.00000000,12.33648660,0.00000000,5.25375100,1.00484540,0.00000000,0.37597470,0.00000000,0.10256900,3.29898000,0.00000000,0.37597470,0.00000000,0.10057720,3.10510400,0.65666670,0.65416670,0.62500000,0.65000000,0.66250000,0.63750000,0.66250000
sa-heart-1498.arff,9,2,462,0.01111110,0.00555560,0.00000000,4.45600230,0.00000000,1.39654200,2.26473870,0.00000000,0.12004940,0.03747350,0.04206510,0.89909790,0.00000000,0.12004940,0.03747350,0.03990640,0.75578660,0.52279280,0.53315320,0.54054060,0.50000000,0.50000000,0.50000000,0.50000000
fri_c2_1000_10-913.arff,10,2,1000,0.01500000,0.01000000,0.00000000,4.77584880,0.00000000,1.74220350,1.48524670,0.00000000,0.42826260,0.00000000,0.15521880,1.86123570,0.00000000,0.42826260,0.00000000,0.14799530,1.59353510,0.57420830,0.57875000,0.57875000,0.57875000,0.57625000,0.57625000,0.57875000
wine-973.arff,13,2,178,0.07307690,0.01538460,0.00000000,6.37933350,0.00000000,2.56627420,0.68939670,0.00000000,0.67039870,0.16485860,0.21805370,0.84511800,0.00000000,0.67039870,0.16485860,0.21012180,0.75098160,0.81901410,0.82323940,0.80281690,0.82394360,0.69718310,0.61267600,0.69718310
fri_c3_100_50-716.arff,50,2,100,0.05200000,0.00300000,0.00000000,24.94564270,0.00000000,10.47708600,1.16079880,0.00000000,0.42848890,0.00000000,0.06626400,5.50276820,0.00000000,0.42848890,0.00000000,0.06561120,5.33949410,0.68375000,0.63666670,0.67500000,0.68750000,0.60000000,0.68750000,0.68750000
climate-model-simulation-crashes-1467.arff,20,2,540,0.05750000,0.00750000,0.00000000,9.93341800,0.00000000,3.03527680,2.88826250,0.00000000,0.08166710,0.00000000,0.02604230,2.28207600,0.00000000,0.08166710,0.00000000,0.02541470,2.11516470,0.50794750,0.51226850,0.51157410,0.50231480,0.50462960,0.50462960,0.50925920
fri_c2_250_50-877.arff,50,2,250,0.01300000,0.00200000,0.00000000,24.88367790,0.00000000,9.75920410,1.63678590,0.00000000,0.42732150,0.00000000,0.07726400,4.92293810,0.00000000,0.42732150,0.00000000,0.07650270,4.77686830,0.63683330,0.59916670,0.59500000,0.64000000,0.63000000,0.63000000,0.63000000
glass-1005.arff,9,2,214,0.01111110,0.00555560,0.00000000,4.40418510,0.00000000,1.46599720,2.20669870,0.00000000,0.24097530,0.06721940,0.07924970,1.50240810,0.00000000,0.24097530,0.06721940,0.07518280,1.26293250,0.53682170,0.53953480,0.54069760,0.54069760,0.52325580,0.54069760,0.52906980
fri_c2_250_25-794.arff,25,2,250,0.01400000,0.00400000,0.00000000,12.41193440,0.00000000,4.76234960,1.64826650,0.00000000,0.46703140,0.00000000,0.11198630,3.39689210,0.00000000,0.46703140,0.00000000,0.10981160,3.19726200,0.63600000,0.63883330,0.62000000,0.66000000,0.62500000,0.62000000,0.63500000
fri_c4_250_50-918.arff,50,2,250,0.01500000,0.00200000,0.00000000,24.91802480,0.00000000,9.75971650,1.64381620,0.00000000,0.34052030,0.00000000,0.06426470,4.29962320,0.00000000,0.34052030,0.00000000,0.06363150,4.17204790,0.67983330,0.62750000,0.61500000,0.69000000,0.68500000,0.67500000,0.66000000
tokyo1-40705.arff,44,2,959,0.25227270,0.01022730,0.00000000,21.91053820,0.00000000,6.71554620,2.88804700,0.00000000,0.66128270,0.31644840,0.19631840,0.11310640,0.00000000,0.66128270,0.31644840,0.19412490,0.10929810,0.51072050,0.51276040,0.51302080,0.50000000,0.50781250,0.50781250,0.50260420
PizzaCutter1-1443.arff,37,2,661,0.20945950,0.01486490,0.00000000,18.42708940,0.00000000,5.64503640,2.88807440,0.00000000,0.09145860,0.02752480,0.02694970,0.51692150,0.00000000,0.09145860,0.02752480,0.02659270,0.49626860,0.52247480,0.52064400,0.52272730,0.52272730,0.52083340,0.51515150,0.51325760
fri_c3_250_50-873.arff,50,2,250,0.01400000,0.00200000,0.00000000,24.89428130,0.00000000,9.72361910,1.63843400,0.00000000,0.35238710,0.00000000,0.06615270,4.63425990,0.00000000,0.35238710,0.00000000,0.06550090,4.49675560,0.67933330,0.60150000,0.57500000,0.68000000,0.55500000,0.66000000,0.66000000
fri_c0_500_10-943.arff,10,2,500,0.01000000,0.00500000,0.00000000,4.86722550,0.00000000,1.77128720,1.47827990,0.00000000,0.13836680,0.00000000,0.06264760,1.08060280,0.00000000,0.13836680,0.00000000,0.05973210,0.92518020,0.53241670,0.54266670,0.53750000,0.54500000,0.53500000,0.53500000,0.53500000
fri_c0_250_50-732.arff,50,2,250,0.01900000,0.00200000,0.00000000,24.93462170,0.00000000,9.94081310,1.41877290,0.00000000,0.14741850,0.00000000,0.02812870,4.17681620,0.00000000,0.14741850,0.00000000,0.02785160,4.05288480,0.57283330,0.57200000,0.56000000,0.60500000,0.56000000,0.54500000,0.56000000
ar4-1061.arff,29,2,107,0.33103450,0.01896550,0.00000000,14.33646320,0.00000000,4.38606770,2.88816190,0.00000000,0.27215210,0.14485150,0.07932000,-0.42813690,0.00000000,0.27215210,0.14485150,0.07798680,-0.40639100,0.54224800,0.55155040,0.54651160,0.53488370,0.52325580,0.52325580,0.52325580
heart-h-1565.arff,13,5,294,0.06153850,0.01538460,0.00000000,6.43256480,0.00000000,2.07338360,2.29853050,0.00000000,0.28557630,0.00000000,0.11953340,0.79754660,0.00000000,0.28557630,0.00000000,0.11518520,0.70870900,0.52288130,0.52895480,0.52542380,0.53389830,0.50423730,0.51271180,0.51271180
credit-g-31.arff,20,2,1000,0.00250000,0.00250000,0.00000000,9.98846830,0.00000000,3.22299650,2.18282130,0.00000000,0.09473880,0.01007650,0.02218500,2.58079550,0.00000000,0.09473880,0.01007650,0.02165030,2.39203580,0.50508330,0.51170830,0.51000000,0.51375000,0.50500000,0.51000000,0.50000000
thoracic_surgery-4329.arff,16,2,470,0.07812500,0.01250000,0.00000000,7.94587870,0.00000000,2.58876640,2.20821900,0.00000000,0.02428420,0.00392360,0.00715830,1.89527360,0.00000000,0.02428420,0.00392360,0.00694450,1.72286280,0.51507090,0.51604610,0.51595740,0.51329790,0.51063830,0.50531920,0.50000000
stock-841.arff,9,2,950,0.33333330,0.06111110,0.00000000,4.46023560,0.00000000,1.34154880,2.49099450,0.09116660,0.64764250,0.28050760,0.18353530,0.76696210,0.09116660,0.64764250,0.28050760,0.17411680,0.64471260,0.54877190,0.55377190,0.52763160,0.55000000,0.50000000,0.50131580,0.50131580
qsar-biodeg-1494.arff,41,2,1055,0.03414630,0.00243900,0.00000000,20.42818940,0.00000000,6.21619700,2.88874460,0.00000000,0.21760140,0.05680050,0.05493380,0.80623050,0.00000000,0.21760140,0.05680050,0.05427590,0.77712290,0.51524490,0.52867300,0.53909960,0.52014220,0.50236970,0.50829380,0.50829380
heart-h-51.arff,13,5,294,0.99230770,0.99230770,0.00000000,6.48622450,0.00000000,1.45036390,4.47213600,0.00000000,0.25393350,0.01737220,0.10098210,1.27047230,0.00000000,0.25393350,0.01737220,0.09730880,1.12895620,0.50000000,0.50000000,0.50000000,0.50000000,0.50000000,0.50000000,0.50000000
SPECT-336.arff,22,2,267,0.02045450,0.00454550,0.00000000,10.87085510,0.00000000,3.78092780,2.15593130,0.00063370,0.13385700,0.01197000,0.03701860,1.90548860,0.00063370,0.13385700,0.01197000,0.03620490,1.77854380,0.54345790,0.56028030,0.55607480,0.54205600,0.54205600,0.54205600,0.53738320
fri_c2_500_10-869.arff,10,2,500,0.00000000,0.00000000,0.00000000,4.71500000,0.00000000,1.77257650,1.42063040,0.00000000,0.43058820,0.00000000,0.16293210,1.78760580,0.00000000,0.43058820,0.00000000,0.15534970,1.53049530,0.59708330,0.60683330,0.57500000,0.60750000,0.60250000,0.56500000,0.60750000
fri_c4_500_10-855.arff,10,2,500,0.02000000,0.00500000,0.00000000,4.95060980,0.00000000,1.74071920,1.68952480,0.00000000,0.28503410,0.01223730,0.10413310,1.46309210,0.00000000,0.28503410,0.01223730,0.09928700,1.25265630,0.55475000,0.56883330,0.57000000,0.57000000,0.55250000,0.55250000,0.55250000
fri_c2_250_10-830.arff,10,2,250,0.01000000,0.00500000,0.00000000,4.74047670,0.00000000,1.73506510,1.52769450,0.00000000,0.45805710,0.00000000,0.19007940,1.66780260,0.00000000,0.45805710,0.00000000,0.18123360,1.42792340,0.57750000,0.58366670,0.58500000,0.58500000,0.56000000,0.56500000,0.56500000
calendarDOW-40663.arff,32,5,399,0.03281250,0.00312500,0.00000000,15.90774690,0.00000000,5.63180930,2.12932070,0.00000000,0.64906280,0.18572900,0.17049950,1.20585270,0.00000000,0.64906280,0.18572900,0.16789630,1.15026150,0.53802080,0.56291670,0.56250000,0.56875000,0.50625000,0.51875000,0.51250000
energy-efficiency-1472.arff,9,38,768,0.17777780,0.02777780,0.00000000,4.33439450,0.00000000,1.45110340,1.74784030,0.00000000,2.84838860,1.03260370,0.87968570,0.44197520,0.00000000,2.84838860,1.03260370,0.83454310,0.37152680,0.50754620,0.50922910,0.50814340,0.50814340,0.50814340,0.50814340,0.50814340
eucalyptus-188.arff,19,5,736,0.02368420,0.00789470,0.00000000,9.32224450,0.00000000,3.57115370,1.36330200,0.00000000,0.64044790,0.24158730,0.17088390,0.59997910,0.00000000,0.64044790,0.24158730,0.16655700,0.55383750,0.60198410,0.66819730,0.64285720,0.59353740,0.54931980,0.54931980,0.54931980
lsvt-1484.arff,310,2,126,0.66258060,0.00693550,0.00000000,154.90871600,0.00000000,57.26182910,1.86730760,0.00000000,0.35168360,0.00000000,0.07897350,1.17423160,0.00000000,0.35168360,0.00000000,0.07884640,1.16856040,0.62333330,0.62900000,0.65000000,0.65000000,0.60000000,0.58000000,0.59000000
fri_c3_1000_10-740.arff,10,2,1000,0.00000000,0.00000000,0.00000000,4.84906670,0.00000000,1.74301750,1.51525060,0.00000000,0.32426250,0.00000000,0.11941800,1.62197930,0.00000000,0.32426250,0.00000000,0.11386060,1.38869080,0.58195830,0.58925000,0.58250000,0.59000000,0.58125000,0.58250000,0.58250000
clean1-40665.arff,168,2,476,0.11964290,0.00297620,0.00000000,83.58732240,0.00000000,34.07173500,1.62465050,0.00000000,0.98772710,0.05813960,0.09084370,7.71903070,0.00000000,0.98772710,0.05813960,0.09057450,7.65034570,0.76315790,0.69219300,0.71052630,0.76315790,0.76315790,0.76315790,0.76315790
solar-flare-40702.arff,10,2,1066,0.06500000,0.01500000,0.00000000,4.97516080,0.00000000,1.25191580,3.27871010,0.00000000,0.09119850,0.01676310,0.03140010,0.98603380,0.00000000,0.09119850,0.01676310,0.02993880,0.84421310,0.51889670,0.52097030,0.52112680,0.51643190,0.51643190,0.51525820,0.51643190
wdbc-1510.arff,30,2,569,0.09166670,0.00666670,0.00000000,14.84271020,0.00000000,4.56255870,2.88794920,0.00000000,0.68504370,0.26327500,0.23863310,0.24053710,0.00000000,0.68504370,0.26327500,0.23475270,0.22872060,0.50986840,0.51761690,0.51754380,0.51096490,0.50657890,0.50877190,0.50219300
robot-failures-lp5-1520.arff,90,5,164,0.57944440,0.01388890,0.00000000,44.91849150,0.00000000,13.80995920,2.88794680,0.00000000,0.81994320,0.34272020,0.18891870,-0.14733960,0.00000000,0.81994320,0.34272020,0.18787790,-0.14489930,0.55782830,0.56843430,0.56060600,0.57575760,0.54545460,0.51515150,0.51515150
fri_c4_500_25-838.arff,25,2,500,0.00600000,0.00400000,0.00000000,12.44479380,0.00000000,4.43980110,1.88233410,0.00000000,0.37886790,0.00000000,0.09165070,3.24063770,0.00000000,0.37886790,0.00000000,0.08987090,3.05019040,0.62750000,0.61191670,0.59750000,0.62750000,0.62750000,0.62750000,0.62750000
parkinsons-1488.arff,22,2,195,0.23409090,0.01363640,0.00000000,10.89671590,0.00000000,3.67113870,2.21562870,0.06483610,0.37457850,0.16911070,0.07626040,1.11708040,0.06483610,0.37457850,0.16911070,0.07458410,1.04265980,0.52756410,0.53931620,0.52564100,0.52564100,0.51923080,0.51282050,0.51923080
fri_c4_100_100-828.arff,100,2,100,0.04400000,0.00150000,0.00000000,49.87480460,0.00000000,21.73717660,1.01731940,0.00000000,0.36529550,0.00000000,0.04407490,7.32620420,0.00000000,0.36529550,0.00000000,0.04385620,7.21693260,0.65375000,0.66166670,0.67500000,0.70000000,0.60000000,0.63750000,0.60000000
heart-statlog-53.arff,13,2,270,0.01153850,0.00384620,0.00000000,6.37952010,0.00000000,2.12245670,2.15036090,0.00000000,0.20303020,0.10991670,0.07226010,0.06598220,0.00000000,0.20303020,0.10991670,0.06963150,0.05863250,0.54212960,0.55462960,0.54629630,0.54166660,0.54166660,0.54629630,0.51851850
fri_c2_1000_50-866.arff,50,2,1000,0.00500000,0.00200000,0.00000000,24.77197120,0.00000000,8.66175640,2.14413930,0.00000000,0.44851620,0.00000000,0.07727960,4.97171580,0.00000000,0.44851620,0.00000000,0.07651830,4.82419870,0.64375000,0.59662500,0.57750000,0.64125000,0.64375000,0.64375000,0.64375000
fri_c3_500_25-896.arff,25,2,500,0.01200000,0.00200000,0.00000000,12.45265100,0.00000000,4.40265800,1.91618780,0.00000000,0.31976410,0.00000000,0.08775460,3.15870840,0.00000000,0.31976410,0.00000000,0.08605040,2.97307600,0.61250000,0.60050000,0.54750000,0.61250000,0.61250000,0.61250000,0.61250000
ar6-1064.arff,29,2,101,0.18448280,0.01206900,0.00000000,14.43154060,0.00000000,5.16085290,2.12485010,0.00000000,0.09502020,0.00000000,0.03266990,1.95130950,0.00000000,0.09502020,0.00000000,0.03212080,1.85219880,0.62458330,0.63791670,0.62500000,0.62500000,0.60000000,0.56250000,0.58750000
breast-tissue-1559.arff,9,4,106,0.27222220,0.04444440,0.00000000,4.39198900,0.00000000,1.27017150,2.91466550,0.00000000,0.44364190,0.17561330,0.14410930,0.71464570,0.00000000,0.44364190,0.17561330,0.13671410,0.60073510,0.50555560,0.51111110,0.51190480,0.50000000,0.50000000,0.50000000,0.50000000
primary-tumor-171.arff,17,22,339,0.01470590,0.00294120,0.00000000,8.37523630,0.00000000,2.88301890,1.96265260,0.02036690,0.32140420,0.17014810,0.09021710,0.09647890,0.02036690,0.32140420,0.17014810,0.08767530,0.08820690,0.50036770,0.52647060,0.52573530,0.50000000,0.51102940,0.51470590,0.51470590
fri_c4_250_25-933.arff,25,2,250,0.01600000,0.00400000,0.00000000,12.44337770,0.00000000,4.77838590,1.42717450,0.00000000,0.40341600,0.00000000,0.09607190,3.20073770,0.00000000,0.40341600,0.00000000,0.09420620,3.01263520,0.64650000,0.63833330,0.64000000,0.66500000,0.64000000,0.64000000,0.64000000
MindCave2-1450.arff,39,2,125,0.17435900,0.00769230,0.00000000,19.44081560,0.00000000,7.10134920,1.89152690,0.00000000,0.14089040,0.08035070,0.05377060,-0.00152710,0.00000000,0.14089040,0.08035070,0.05309420,-0.00146920,0.52333330,0.55433330,0.55000000,0.52000000,0.52000000,0.52000000,0.52000000
analcatdata_authorship-458.arff,70,4,841,0.14928570,0.00642860,0.00000000,34.95587930,0.00000000,10.60815010,2.88917830,0.02206360,0.79665610,0.22921590,0.17046640,1.05154110,0.02206360,0.79665610,0.22921590,0.16926160,1.02918760,0.50133930,0.50148810,0.50148810,0.50148810,0.50148810,0.50148810,0.50148810
plasma_retinol-915.arff,13,2,315,0.01923080,0.01153850,0.00000000,6.36786940,0.00000000,1.97162260,2.62314320,0.00000000,0.03832320,0.00000000,0.01072390,3.00769430,0.00000000,0.03832320,0.00000000,0.01033380,2.67267160,0.55185190,0.56587310,0.56349200,0.53968260,0.53968260,0.52777780,0.50793650
breast-cancer-dropped-missing-attributes-values-23499.arff,9,2,277,0.02222220,0.00555560,0.00000000,4.42274550,0.00000000,1.33286760,2.89074120,0.00123270,0.08853280,0.03470360,0.03271030,0.32332940,0.00123270,0.08853280,0.03470360,0.03103170,0.27179250,0.54189190,0.54399400,0.54054060,0.54504500,0.52702700,0.52702700,0.51801800
analcatdata_authorship-970.arff,70,2,841,0.01000000,0.00142860,0.00000000,34.85959950,0.00000000,15.51898760,0.96297750,0.00000000,0.47029710,0.05915510,0.11823240,1.50608570,0.00000000,0.47029710,0.05915510,0.11739680,1.47406970,0.68710320,0.69330350,0.69642860,0.70386900,0.61458330,0.55059520,0.55654760
ar1-1059.arff,29,2,121,0.75689660,0.06896550,0.00000000,14.36913190,0.00000000,4.71112500,2.23970380,0.00000000,0.07217760,0.00000000,0.02648660,1.85597600,0.00000000,0.07217760,0.00000000,0.02604140,1.76170740,0.53125000,0.53159720,0.53125000,0.53125000,0.53125000,0.53125000,0.53125000
PieChart3-1453.arff,37,2,1077,0.13918920,0.00810810,0.00000000,18.46745180,0.00000000,5.56450170,2.89078880,0.00000000,0.09834880,0.02770570,0.02892690,0.41606770,0.00000000,0.09834880,0.02770570,0.02854380,0.39944430,0.50904870,0.51156230,0.51276100,0.51160100,0.50812060,0.50812060,0.51044080
bridges-328.arff,12,6,105,0.62083330,0.12916670,0.00000000,5.95982880,0.00000000,1.73678660,2.90817930,0.09557760,2.31760280,0.36263260,0.66210090,2.00825830,0.09557760,2.31760280,0.36263260,0.63612600,1.76641820,0.50753970,0.51071430,0.51190480,0.48809520,0.50000000,0.50000000,0.50000000
autos-9.arff,25,7,205,0.07800000,0.00800000,0.00000000,12.41766760,0.00000000,4.63018060,1.70885140,0.00000000,1.18956240,0.26889570,0.31050350,1.32158770,0.00000000,1.18956240,0.26889570,0.30447370,1.24392010,0.62012200,0.62032520,0.60365860,0.62804880,0.56097560,0.58536580,0.57926830
fri_c0_100_25-889.arff,25,2,100,0.03000000,0.00600000,0.00000000,12.38487410,0.00000000,5.35263140,0.98672090,0.00000000,0.16763170,0.00000000,0.04213630,3.37136060,0.00000000,0.16763170,0.00000000,0.04131810,3.17323090,0.57625000,0.58875000,0.58750000,0.57500000,0.60000000,0.58750000,0.56250000
cleveland-786.arff,13,2,303,0.01538460,0.00384620,0.00000000,6.43519650,0.00000000,2.19363820,1.87919560,0.00000000,0.20646830,0.11242190,0.07703390,0.02615180,0.00000000,0.20646830,0.11242190,0.07423170,0.02323880,0.50977960,0.53223140,0.52479340,0.51239670,0.52892560,0.52892560,0.52066120
badges2-1121.arff,11,2,294,0.64545450,0.18181820,0.00000000,4.94857800,0.00000000,1.81701040,1.68354290,0.00000000,0.86312060,0.00000000,0.26038800,2.89198200,0.00000000,0.86312060,0.00000000,0.24930250,2.51291670,0.50000000,0.50000000,0.50000000,0.50000000,0.50000000,0.50000000,0.50000000
fri_c4_100_10-878.arff,10,2,100,0.03000000,0.01000000,0.00000000,4.89087300,0.00000000,1.87506470,1.21483820,0.00000000,0.36576570,0.00000000,0.11725900,2.71362650,0.00000000,0.36576570,0.00000000,0.11180210,2.32332690,0.58583330,0.59958330,0.60000000,0.60000000,0.53750000,0.52500000,0.60000000
fri_c4_1000_25-723.arff,25,2,1000,0.00400000,0.00200000,0.00000000,12.35261770,0.00000000,4.42950610,1.79099680,0.00000000,0.28465790,0.00000000,0.07567600,3.02109900,0.00000000,0.28465790,0.00000000,0.07420640,2.84355370,0.66000000,0.65175000,0.63875000,0.66375000,0.65625000,0.66000000,0.66000000
fri_c1_250_25-746.arff,25,2,250,0.02200000,0.00400000,0.00000000,12.46512610,0.00000000,4.43126280,2.12563290,0.00000000,0.35137110,0.00000000,0.08956440,3.18491240,0.00000000,0.35137110,0.00000000,0.08782510,2.99774000,0.63500000,0.60866670,0.58000000,0.63500000,0.57500000,0.59000000,0.60000000
soybean-1023.arff,35,2,683,0.16000000,0.00714290,0.00000000,17.47779110,0.00000000,5.97272630,2.14268950,0.00010220,0.13014310,0.02621320,0.03494170,1.25601120,0.00010220,0.13014310,0.02621320,0.03445300,1.20300180,0.50744810,0.51166060,0.51098900,0.50915760,0.50183150,0.50183150,0.50000000
autoUniv-au7-700-1553.arff,12,3,700,0.00833330,0.00416670,0.00000000,5.81991770,0.00000000,1.86640800,2.39633240,0.00000000,0.18629900,0.00045610,0.05330560,3.26808120,0.00000000,0.18629900,0.00045610,0.05121430,2.87452960,0.57017850,0.57869040,0.56607140,0.58214280,0.54464280,0.54464280,0.57142860
arrhythmia-1017.arff,279,2,452,0.28279570,0.00358420,0.00000000,139.35534230,0.00000000,47.92077380,2.17371310,0.00000000,0.11779810,0.00500220,0.02774380,1.25792240,0.00000000,0.11779810,0.00500220,0.02769420,1.25117340,0.59208100,0.55801110,0.56629840,0.60773480,0.55524860,0.54696140,0.57458560
anneal-2.arff,38,6,898,0.15657890,0.00657890,0.00000000,18.96141750,0.00000000,6.58169440,2.13238460,0.00000000,0.42329360,0.00000000,0.09290750,2.77214440,0.00000000,0.42329360,0.00000000,0.09170870,2.66426360,0.50478180,0.52177350,0.51949860,0.51949860,0.50835660,0.50278560,0.50696380
collins-987.arff,23,2,500,0.35217390,0.04130430,0.00000000,10.94421770,0.00000000,4.52711920,1.08469640,0.00000000,0.63430960,0.05824620,0.20741730,2.16410280,0.00000000,0.63430960,0.05824620,0.20305020,2.02607770,0.50250000,0.50250000,0.50250000,0.50250000,0.50000000,0.50250000,0.50250000
fri_c1_500_25-779.arff,25,2,500,0.01000000,0.00400000,0.00000000,12.40773700,0.00000000,4.66311020,1.66230900,0.00000000,0.27574100,0.00000000,0.07842030,2.91296890,0.00000000,0.27574100,0.00000000,0.07689740,2.74177810,0.59750000,0.57791670,0.55000000,0.59750000,0.59750000,0.59750000,0.59750000
bodyfat-778.arff,14,2,252,0.05000000,0.01071430,0.00000000,6.41205630,0.00000000,2.52470990,1.52801960,0.00000000,0.99981820,0.17097810,0.26089620,2.28310760,0.00000000,0.99981820,0.17097810,0.25204960,2.04651790,0.53465340,0.53432340,0.53465340,0.53465340,0.53465340,0.53465340,0.53465340
tecator-851.arff,124,2,240,0.69798390,0.01491940,0.00000000,61.77385830,0.00000000,22.37337660,2.12440650,0.00000000,0.64207720,0.05526020,0.08082550,5.35674710,0.00000000,0.64207720,0.05526020,0.08050150,5.29224510,0.52430560,0.52795140,0.52604170,0.53125000,0.51562500,0.52604170,0.52604170
autoUniv-au6-1000-1555.arff,40,8,1000,0.00625000,0.00125000,0.00000000,19.94224180,0.00000000,6.13146040,2.88794610,0.00000000,0.10045500,0.00000000,0.01588860,6.23719430,0.00000000,0.10045500,0.00000000,0.01569370,6.00645220,0.54500000,0.53004170,0.53375000,0.54750000,0.52125000,0.51750000,0.53375000
chatfield_4-820.arff,12,2,235,0.06250000,0.00833330,0.00000000,5.82476800,0.00000000,1.81635860,2.47405240,0.00000000,0.70227960,0.43220740,0.16885160,-1.33380220,0.00000000,0.70227960,0.43220740,0.16222730,-1.17318200,0.55851060,0.56010640,0.54787240,0.55851060,0.54255320,0.54255320,0.52659580
colic-25.arff,27,2,368,0.02592590,0.00370370,0.00000000,13.30837280,0.00000000,5.13845750,1.64442000,0.00000000,0.86886080,0.00645880,0.16987770,4.60330270,0.00000000,0.86886080,0.00645880,0.16681660,4.35247240,0.56349210,0.59002270,0.59863940,0.59183680,0.53401360,0.53061220,0.57142860
fri_c2_500_25-879.arff,25,2,500,0.00800000,0.00200000,0.00000000,12.42155870,0.00000000,4.51179400,1.76668780,0.00000000,0.38128370,0.00000000,0.10388570,3.27348020,0.00000000,0.38128370,0.00000000,0.10186830,3.08110280,0.61458330,0.61116670,0.59500000,0.62250000,0.61500000,0.61500000,0.61500000
CostaMadre1-1446.arff,37,2,296,0.12297300,0.00945950,0.00000000,18.46480320,0.00000000,6.27324820,2.15886850,0.00000000,0.08214640,0.00000000,0.02642420,0.85670120,0.00000000,0.08214640,0.00000000,0.02607420,0.82247290,0.50706210,0.51892650,0.51271180,0.51694920,0.50000000,0.50423720,0.50000000
tic-tac-toe-50.arff,9,2,958,0.98888890,0.98888890,0.00000000,4.47815000,0.00000000,1.00134480,4.47213600,0.00700510,0.08718670,0.01355670,0.02584370,2.90750280,0.00700510,0.08718670,0.01355670,0.02451750,2.44406270,0.50000000,0.50000000,0.50000000,0.50000000,0.50000000,0.50000000,0.50000000
climate-model-simulation-crashes-40994.arff,20,2,540,0.04000000,0.01000000,0.00000000,9.82094160,0.00000000,3.01371790,2.88799420,0.00000000,0.08166710,0.00000000,0.02517270,2.25687040,0.00000000,0.08166710,0.00000000,0.02456610,2.09180260,0.51844140,0.52407410,0.52546300,0.50462960,0.51620370,0.51388890,0.51388890
colleges_aaup-897.arff,16,2,1161,0.01875000,0.00937500,0.00000000,7.79953320,0.00000000,2.64058280,1.89092440,0.00000000,0.88097480,0.23258590,0.26775990,0.90273870,0.00000000,0.88097480,0.23258590,0.25976530,0.82061760,0.52406610,0.52410200,0.52047420,0.52478450,0.52155180,0.52155180,0.51400860
fri_c1_500_50-766.arff,50,2,500,0.00500000,0.00100000,0.00000000,24.91219250,0.00000000,8.83223450,2.13111170,0.00000000,0.36719970,0.00000000,0.06302030,5.02384610,0.00000000,0.36719970,0.00000000,0.06239940,4.87478220,0.67750000,0.61266670,0.59750000,0.68000000,0.67750000,0.64750000,0.67750000
cholesterol-798.arff,13,2,303,0.02307690,0.00769230,0.00000000,6.39650040,0.00000000,2.19050550,2.15227640,0.00000000,0.02609850,0.00010700,0.00807160,1.74059310,0.00000000,0.02609850,0.00010700,0.00777800,1.54671100,0.54876040,0.55854000,0.56198350,0.55785120,0.53719010,0.53305780,0.53305780
flags-1012.arff,29,2,194,0.04482760,0.00517240,0.00000000,14.44397680,0.00000000,5.48052850,1.46250940,0.00000000,0.93903020,0.01574980,0.17320470,4.93403220,0.00000000,0.93903020,0.01574980,0.17029350,4.68342330,0.56111110,0.57884620,0.57692300,0.59615380,0.55128200,0.51923080,0.56410260
zoo-62.arff,17,7,101,0.22647060,0.02352940,0.00000000,8.43835900,0.00000000,3.04481630,1.74654990,0.05066880,2.39055970,0.61449400,0.55165440,1.92303320,0.05066880,2.39055970,0.61449400,0.53611170,1.75815380,0.51625000,0.53291670,0.52500000,0.50000000,0.52500000,0.50000000,0.50000000
MeanWhile1-1449.arff,37,2,253,0.30540540,0.02297300,0.00000000,18.46386700,0.00000000,5.56156670,2.89088090,0.00000000,0.09968420,0.05655760,0.03512290,-0.18651700,0.00000000,0.09968420,0.05655760,0.03465770,-0.17906490,0.51138610,0.51501650,0.50990100,0.50990100,0.50000000,0.50000000,0.50000000
boston-853.arff,13,2,506,0.02307690,0.01538460,0.00000000,6.26903290,0.00000000,2.46882030,1.14603750,0.00544370,0.46615840,0.15562020,0.12128660,1.03225850,0.00544370,0.46615840,0.15562020,0.11687470,0.91727670,0.53473590,0.53960390,0.53217820,0.50742580,0.53465340,0.52970300,0.52970300
CastMetal1-1447.arff,37,2,327,0.20000000,0.00945950,0.00000000,18.34758790,0.00000000,5.64297590,2.88794250,0.00000000,0.07151180,0.00000000,0.02376120,0.71501990,0.00000000,0.07151180,0.00000000,0.02344640,0.68645220,0.52646310,0.53320620,0.53053440,0.52671760,0.50381680,0.51908400,0.52671760
PieChart2-1452.arff,36,2,745,0.57777780,0.03333330,0.00000000,17.91490950,0.00000000,5.47602970,2.88823200,0.00000000,0.03010080,0.01234960,0.01123890,0.26049450,0.00000000,0.03010080,0.01234960,0.01108590,0.24980170,0.50413870,0.50352350,0.50335570,0.50335570,0.50335570,0.50335570,0.50335570
Australian-40981.arff,14,2,690,0.01785710,0.00357140,0.00000000,6.50420010,0.00000000,2.40065430,1.70385330,0.00013920,0.42570940,0.04564400,0.11459260,2.09754550,0.00013920,0.42570940,0.04564400,0.11070690,1.88018490,0.50078500,0.50754830,0.50905800,0.50905800,0.50000000,0.50181160,0.50905800
ilpd-1480.arff,10,2,583,0.02500000,0.01000000,0.00000000,4.96943380,0.00000000,1.49007230,2.89229100,0.00000000,0.10278550,0.04718150,0.03805210,0.10515570,0.00000000,0.10278550,0.04718150,0.03628120,0.09003120,0.54084400,0.53977110,0.53648070,0.53433480,0.53004290,0.51931330,0.52360520
synthetic_control-377.arff,61,6,600,0.99836070,0.99836070,0.00000000,30.48199400,0.00000000,6.81598110,4.47213600,0.00000000,2.58496250,0.85828130,0.40550310,0.91318960,0.00000000,2.58496250,0.85828130,0.40221960,0.89093820,0.50000000,0.50000000,0.50000000,0.50000000,0.50000000,0.50000000,0.50000000
hepatitis-55.arff,19,2,155,0.11315790,0.01052630,0.00000000,9.37134220,0.00000000,3.17907630,2.18420880,0.00000000,0.18245700,0.05937900,0.05197770,0.72612120,0.00000000,0.18245700,0.05937900,0.05066160,0.67027870,0.56075270,0.57715050,0.56451610,0.55645160,0.54838710,0.52419360,0.50806450
molecular-biology_promoters-164.arff,58,4,106,0.04568970,0.00258620,0.00000000,28.93855150,0.00000000,11.92241690,1.29695390,0.01674580,1.95953830,0.06551610,0.25105110,7.36441410,0.01674580,1.95953830,0.06551610,0.24891450,7.17577020,0.58452380,0.60753970,0.60714280,0.55952380,0.52380960,0.54761900,0.53571430
vowel-307.arff,12,11,990,0.01666670,0.00416670,0.00000000,5.84193770,0.00000000,2.20919400,1.45920750,0.00000000,1.05871280,0.17165740,0.35742440,1.52596950,0.00000000,1.05871280,0.17165740,0.34340220,1.34220790,0.53232320,0.56405730,0.56818180,0.56313140,0.54419200,0.52525260,0.52020200
birds-40588.arff,278,2,645,0.77949640,0.01294960,0.00000000,138.89668970,0.00000000,42.71059150,2.88794460,0.00000000,0.09543170,0.00000000,0.01282250,3.15071570,0.00000000,0.09543170,0.00000000,0.01279950,3.13375070,0.50426360,0.50555560,0.50581400,0.50193800,0.50193800,0.50193800,0.50387600
arrhythmia-5.arff,279,16,452,0.39749100,0.00394270,0.00000000,139.28974880,0.00000000,42.87048350,2.88793910,0.00000000,0.36381750,0.00000000,0.08105300,1.67614450,0.00000000,0.36381750,0.00000000,0.08090810,1.66715160,0.57228360,0.54346230,0.56629840,0.61325960,0.55801100,0.56629840,0.54143640
ionosphere-59.arff,34,2,351,0.13529410,0.00882350,0.00000000,16.87101180,0.00000000,5.17587180,2.88800360,0.00000000,0.46153090,0.30841910,0.10020590,-0.74488970,0.00000000,0.46153090,0.30841910,0.09876400,-0.71254060,0.52107150,0.52261910,0.52500000,0.50357140,0.51428570,0.51071430,0.51428570
autoUniv-au6-400-1551.arff,40,8,400,0.01250000,0.00250000,0.00000000,19.95430180,0.00000000,6.70381590,2.21519250,0.00000000,0.23431400,0.00000000,0.03730670,6.08204400,0.00000000,0.23431400,0.00000000,0.03684890,5.85704150,0.55968750,0.56364580,0.57187500,0.57500000,0.54375000,0.54062500,0.56250000
PieChart1-1451.arff,37,2,705,0.18783780,0.00810810,0.00000000,18.40494630,0.00000000,5.65646530,2.88795250,0.00000000,0.10016020,0.02702340,0.02904600,0.74048300,0.00000000,0.10016020,0.02702340,0.02866130,0.71089800,0.51926720,0.51974000,0.51773050,0.52127660,0.51418440,0.51595740,0.50709220
analcatdata_marketing-986.arff,32,2,364,0.01250000,0.00312500,0.00000000,15.97189440,0.00000000,5.65052530,2.12744400,0.00105910,0.02413700,0.00657960,0.00587770,1.09111100,0.00105910,0.02413700,0.00657960,0.00578790,1.04080950,0.58059360,0.58367580,0.58219180,0.57534250,0.54794520,0.56164380,0.54109590
semeion-41973.arff,256,2,319,0.53066410,0.00957030,0.00000000,127.96287530,0.00000000,39.23034120,2.88803440,0.00000000,0.64618940,0.04784850,0.13715040,1.90397790,0.00000000,0.64618940,0.04784850,0.13688330,1.89284690,0.50195310,0.50299480,0.50390620,0.48437500,0.50000000,0.50000000,0.50390620
primary-tumor-1003.arff,17,2,339,0.05294120,0.00882350,0.00000000,8.47010640,0.00000000,2.86834050,2.14236520,0.00060700,0.13444020,0.01361390,0.03408180,2.44176430,0.00060700,0.13444020,0.01361390,0.03312150,2.23240920,0.51151960,0.52218140,0.52205880,0.52205880,0.51470590,0.51470590,0.50000000
collins-40971.arff,23,30,1000,0.70217390,0.11086960,0.00000000,11.26519970,0.00000000,3.39959430,2.89038300,0.00000000,4.64856210,0.24690930,1.43857510,2.27729490,0.00000000,4.64856210,0.24690930,1.40828590,2.13205060,0.50000000,0.50000000,0.50000000,0.50000000,0.50000000,0.50000000,0.50000000
KnuggetChase3-1448.arff,39,2,194,0.16923080,0.00769230,0.00000000,19.34680260,0.00000000,6.40600440,2.26681140,0.00000000,0.08966640,0.00000000,0.02370840,2.21214850,0.00000000,0.08966640,0.00000000,0.02341010,2.12823970,0.55534190,0.56324790,0.55128200,0.56410260,0.54487180,0.53205120,0.51923080
autoPrice-756.arff,15,2,159,0.05333330,0.00666670,0.00000000,7.38152000,0.00000000,2.74576480,1.69320660,0.00000000,0.69264920,0.60091050,0.27851590,-0.52463830,0.00000000,0.69264920,0.60091050,0.26967190,-0.47380980,0.54609380,0.54947920,0.54687500,0.53906250,0.54687500,0.53906250,0.54687500
xd6-40693.arff,9,2,973,0.01111110,0.00555560,0.00000000,4.46523840,0.00000000,1.48046190,1.79372740,0.02672930,0.03177730,0.02919550,0.00160620,-0.18866740,0.02672930,0.03177730,0.02919550,0.00152370,-0.15859480,0.44365900,0.48783200,0.50000000,0.39717220,0.50000000,0.50000000,0.50000000
ilpd-numeric-41945.arff,10,2,583,0.02500000,0.01000000,0.00000000,4.94805840,0.00000000,1.49251190,2.89050410,0.00000000,0.10278550,0.04718150,0.03869030,0.07218770,0.00000000,0.10278550,0.04718150,0.03688980,0.06180500,0.53769670,0.53884120,0.53648070,0.53433480,0.53004290,0.52360520,0.52360520
lowbwt-941.arff,9,2,189,0.06666670,0.01666670,0.00000000,4.34451020,0.00000000,1.55644180,1.80057040,0.00000000,0.45327680,0.02777180,0.14329900,2.85515850,0.00000000,0.45327680,0.02777180,0.13594530,2.40006180,0.59210520,0.58947360,0.57236840,0.59210520,0.59210520,0.54605260,0.56578940
sensory-826.arff,11,2,576,0.00000000,0.00000000,0.00000000,5.29547880,0.00000000,1.74975490,2.24702220,0.00000900,0.05014810,0.00323580,0.01498930,2.38069360,0.00000900,0.05014810,0.00323580,0.01435110,2.06864530,0.53550720,0.54036230,0.54565220,0.53043480,0.52173920,0.51956520,0.52608700
fri_c4_1000_100-718.arff,100,2,1000,0.00200000,0.00050000,0.00000000,49.96809840,0.00000000,17.95172280,2.12452340,0.00000000,0.38419760,0.00000000,0.04568410,7.06304470,0.00000000,0.38419760,0.00000000,0.04545740,6.95769820,0.70233330,0.59579170,0.59625000,0.70500000,0.66750000,0.70250000,0.70000000
audiology-999.arff,69,2,226,0.51014490,0.01739130,0.00000000,34.34675660,0.00000000,14.51495020,1.27070700,0.00000000,0.42464170,0.00372980,0.05554260,5.97115250,0.00000000,0.42464170,0.00372980,0.05514450,5.84239380,0.53129630,0.54092590,0.53888890,0.52777780,0.53333340,0.53333340,0.53333340
fri_c1_250_50-769.arff,50,2,250,0.01000000,0.00200000,0.00000000,24.83608750,0.00000000,9.79311360,1.63328030,0.00000000,0.39368400,0.00000000,0.06672620,4.81583920,0.00000000,0.39368400,0.00000000,0.06606880,4.67294720,0.66000000,0.59883330,0.60500000,0.66000000,0.65000000,0.66000000,0.66000000
sonar-40.arff,60,2,208,0.10000000,0.00416670,0.00000000,29.90852580,0.00000000,10.62242300,2.12931910,0.00000000,0.20136440,0.00000000,0.05332830,1.31624370,0.00000000,0.20136440,0.00000000,0.05288940,1.28364130,0.66847390,0.66144580,0.63855420,0.68072290,0.52409640,0.54216860,0.55421680
heart-c-982.arff,13,2,303,0.00769230,0.00384620,0.00000000,6.44778020,0.00000000,2.16119930,1.84176820,0.00000000,0.21162780,0.11683380,0.07829800,0.00337710,0.00000000,0.21162780,0.11683380,0.07544980,0.00300090,0.51404960,0.53071630,0.52479340,0.51239670,0.52892560,0.52892560,0.52066120
TuningSVMs-41978.arff,81,2,156,0.17345680,0.00308640,0.00000000,40.38166780,0.00000000,15.43459040,1.68919650,0.00000000,0.96943090,0.00000000,0.11249930,7.55308170,0.00000000,0.96943090,0.00000000,0.11181120,7.41417920,0.54946240,0.58091400,0.58064520,0.56451620,0.52419360,0.51612900,0.54032260
fri_c3_1000_50-806.arff,50,2,1000,0.00200000,0.00100000,0.00000000,24.95318540,0.00000000,8.82188690,2.12787690,0.00000000,0.34110490,0.00000000,0.06263020,4.61459730,0.00000000,0.34110490,0.00000000,0.06201310,4.47767630,0.63591670,0.58400000,0.55125000,0.63625000,0.63375000,0.63500000,0.63375000
synthetic_control-1004.arff,61,2,600,0.99836070,0.99836070,0.00000000,30.47542270,0.00000000,6.81451170,4.47213600,0.00000000,0.65002240,0.07234170,0.15430710,1.93594420,0.00000000,0.65002240,0.07234170,0.15305770,1.88877150,0.50000000,0.50000000,0.50000000,0.50000000,0.50000000,0.50000000,0.50000000
fri_c4_100_50-932.arff,50,2,100,0.06400000,0.00800000,0.00000000,24.91593660,0.00000000,10.06570560,1.62562300,0.00000000,0.39736860,0.00000000,0.06098440,5.62219820,0.00000000,0.39736860,0.00000000,0.06038360,5.45538040,0.63000000,0.62583330,0.62500000,0.65000000,0.63750000,0.63750000,0.63750000
vehicle-54.arff,18,4,846,0.00555560,0.00277780,0.00000000,8.92929290,0.00000000,3.03174120,2.14775040,0.05458560,0.57108290,0.23068340,0.16803810,0.61312810,0.05458560,0.57108290,0.23068340,0.16355630,0.56341500,0.51977320,0.53870810,0.53846160,0.48224860,0.50000000,0.52514800,0.52366860
SPECTF-1600.arff,44,2,267,0.02954550,0.00227270,0.00000000,21.96244860,0.00000000,7.78834380,2.12708490,0.00000000,0.15509450,0.04328890,0.04332740,0.68780120,0.00000000,0.15509450,0.04328890,0.04284330,0.66464280,0.58348910,0.59610590,0.60280380,0.59345800,0.56074760,0.56074760,0.55607480
breastTumor-844.arff,9,2,286,0.03333330,0.01111110,0.00000000,4.45256460,0.00000000,1.45834360,2.25283190,0.00000000,0.09268090,0.02023030,0.02806310,1.95587520,0.00000000,0.09268090,0.02023030,0.02662300,1.64411940,0.54459070,0.55423980,0.53947370,0.56140350,0.55263160,0.53947370,0.52631580
regime_alimentaire-42172.arff,19,2,202,0.05789470,0.00789470,0.00000000,9.47306240,0.00000000,3.03428090,2.18622180,0.00914140,0.40878150,0.03439010,0.10357640,2.40856510,0.00914140,0.40878150,0.03439010,0.10095380,2.22333370,0.58518520,0.57757200,0.56790120,0.58641980,0.56790120,0.56790120,0.55555560
fri_c2_100_50-922.arff,50,2,100,0.04200000,0.00400000,0.00000000,24.83466180,0.00000000,11.13844910,0.79100090,0.00000000,0.55918930,0.00000000,0.10404060,4.62953320,0.00000000,0.55918930,0.00000000,0.10301560,4.49216910,0.63750000,0.60625000,0.62500000,0.63750000,0.61250000,0.63750000,0.63750000
spectrometer-954.arff,102,2,531,0.24460780,0.00539220,0.00000000,50.83944610,0.00000000,15.59930060,2.88799800,0.00000000,0.48023650,0.07961160,0.08832200,1.43929510,0.00000000,0.48023650,0.07961160,0.08789220,1.41824650,0.53805030,0.53632070,0.53537740,0.54009440,0.53301880,0.53301880,0.52830190
fri_c4_100_25-868.arff,25,2,100,0.05000000,0.00600000,0.00000000,12.43361820,0.00000000,5.27337650,0.99989460,0.00000000,0.33606310,0.00000000,0.09504980,2.65590600,0.00000000,0.33606310,0.00000000,0.09320400,2.49982250,0.56916670,0.57916670,0.57500000,0.56250000,0.56250000,0.56250000,0.56250000
fri_c3_500_10-936.arff,10,2,500,0.01000000,0.01000000,0.00000000,4.84192730,0.00000000,1.76704190,1.45848330,0.00000000,0.30269590,0.00000000,0.12036530,1.64777990,0.00000000,0.30269590,0.00000000,0.11476380,1.41078050,0.57816670,0.58250000,0.58250000,0.58250000,0.57250000,0.58250000,0.58250000
KungChi3-1441.arff,39,2,123,0.37435900,0.01538460,0.00000000,19.26838990,0.00000000,6.72080550,2.15046140,0.00000000,0.14402790,0.00000000,0.04902180,0.34942470,0.00000000,0.14402790,0.00000000,0.04840520,0.33617070,0.54013600,0.54047620,0.53061220,0.54081630,0.53061220,0.54081630,0.53061220
